dt,bend_users,nftfi_users,pine_users,arcade_users,jpegd_users,drops_users,x2y2_users,paraspace_users,cumu_bend_users,cumu_nftfi_users,cumu_pine_users,cumu_arcade_users,cumu_jpegd_users,cumu_drops_users,cumu_x2y2_users,cumu_paraspace_users
2023-04-18 00:00,35,31,2,1,0,2,36,61,12408,26914,1465,1018,415,362,7693,7651
2023-04-17 00:00,42,60,1,3,0,0,55,115,12373,26883,1463,1017,415,360,7657,7590
2023-04-16 00:00,51,65,3,3,1,0,38,136,12331,26823,1462,1014,415,360,7602,7475
2023-04-15 00:00,53,60,3,1,0,1,54,169,12280,26758,1459,1011,414,360,7564,7339
2023-04-14 00:00,80,69,6,4,0,0,66,155,12227,26698,1456,1010,414,359,7510,7170
2023-04-13 00:00,71,48,3,3,0,0,54,189,12147,26629,1450,1006,414,359,7444,7015
2023-04-12 00:00,33,61,1,2,0,1,67,91,12076,26581,1447,1003,414,359,7390,6826
2023-04-11 00:00,33,52,2,2,0,0,64,73,12043,26520,1446,1001,414,358,7323,6735
2023-04-10 00:00,35,78,4,2,0,2,58,90,12010,26468,1444,999,414,358,7259,6662
2023-04-09 00:00,26,47,7,1,0,0,38,162,11975,26390,1440,997,414,356,7201,6572
2023-04-08 00:00,23,70,5,3,0,1,53,87,11949,26343,1433,996,414,356,7163,6410
2023-04-07 00:00,44,75,5,2,0,1,66,116,11926,26273,1428,993,414,355,7110,6323
2023-04-06 00:00,65,77,2,6,0,1,68,141,11882,26198,1423,991,414,354,7044,6207
2023-04-05 00:00,29,59,2,2,0,1,64,96,11817,26121,1421,985,414,353,6976,6066
2023-04-04 00:00,24,50,1,2,0,0,57,73,11788,26062,1419,983,414,352,6912,5970
2023-04-03 00:00,43,65,4,0,0,1,59,191,11764,26012,1418,981,414,352,6855,5897
2023-04-02 00:00,36,73,7,3,0,1,56,175,11721,25947,1414,981,414,351,6796,5706
2023-04-01 00:00,33,57,4,6,0,2,51,60,11685,25874,1407,978,414,350,6740,5531
2023-03-31 00:00,33,67,3,8,0,0,65,89,11652,25817,1403,972,414,348,6689,5471
2023-03-30 00:00,25,60,2,2,0,1,56,55,11619,25750,1400,964,414,348,6624,5382
2023-03-29 00:00,40,53,1,3,0,0,54,39,11594,25690,1398,962,414,347,6568,5327
2023-03-28 00:00,34,76,11,1,0,0,49,205,11554,25637,1397,959,414,347,6514,5288
2023-03-27 00:00,36,51,0,4,0,0,40,50,11520,25561,1386,958,414,347,6465,5083
2023-03-26 00:00,35,65,2,4,0,2,41,79,11484,25510,1386,954,414,347,6425,5033
2023-03-25 00:00,50,63,3,5,0,1,61,121,11449,25445,1384,950,414,345,6384,4954
2023-03-24 00:00,61,62,0,2,0,3,59,39,11399,25382,1381,945,414,344,6323,4833
2023-03-23 00:00,77,60,2,4,0,0,53,38,11338,25320,1381,943,414,341,6264,4794
2023-03-22 00:00,80,69,0,4,0,0,52,279,11261,25260,1379,939,414,341,6211,4756
2023-03-21 00:00,66,68,0,6,0,0,35,11,11181,25191,1379,935,414,341,6159,4477
2023-03-20 00:00,56,63,1,7,0,1,39,10,11115,25123,1379,929,414,341,6124,4466
2023-03-19 00:00,63,80,2,1,0,1,37,2,11059,25060,1378,922,414,340,6085,4456
2023-03-18 00:00,66,74,1,3,0,0,49,0,10996,24980,1376,921,414,339,6048,4454
2023-03-17 00:00,49,67,0,4,0,2,48,53,10930,24906,1375,918,414,339,5999,4454
2023-03-16 00:00,56,68,1,4,0,1,65,84,10881,24839,1375,914,414,337,5951,4401
2023-03-15 00:00,72,80,0,6,0,1,66,101,10825,24771,1374,910,414,336,5886,4317
2023-03-14 00:00,40,66,3,1,0,0,47,132,10753,24691,1374,904,414,335,5820,4216
2023-03-13 00:00,53,74,2,4,0,0,59,116,10713,24625,1371,903,414,335,5773,4084
2023-03-12 00:00,53,77,2,1,0,1,48,185,10660,24551,1369,899,414,335,5714,3968
2023-03-11 00:00,50,71,2,2,0,0,48,69,10607,24474,1367,898,414,334,5666,3783
2023-03-10 00:00,58,84,3,1,0,2,67,186,10557,24403,1365,896,414,334,5618,3714
2023-03-09 00:00,37,78,0,2,0,1,59,128,10499,24319,1362,895,414,332,5551,3528
2023-03-08 00:00,41,63,0,5,0,1,60,96,10462,24241,1362,893,414,331,5492,3400
2023-03-07 00:00,43,88,0,1,0,2,61,107,10421,24178,1362,888,414,330,5432,3304
2023-03-06 00:00,42,73,1,5,0,2,57,116,10378,24090,1362,887,414,328,5371,3197
2023-03-05 00:00,35,55,2,0,0,0,54,111,10336,24017,1361,882,414,326,5314,3081
2023-03-04 00:00,45,70,3,4,0,1,47,104,10301,23962,1359,882,414,326,5260,2970
2023-03-03 00:00,34,73,3,4,0,1,67,94,10256,23892,1356,878,414,325,5213,2866
2023-03-02 00:00,37,79,0,5,0,2,60,110,10222,23819,1353,874,414,324,5146,2772
2023-03-01 00:00,43,70,0,3,0,0,49,119,10185,23740,1353,869,414,322,5086,2662
2023-02-28 00:00,50,68,2,3,0,0,52,74,10142,23670,1353,866,414,322,5037,2543
2023-02-27 00:00,44,77,2,5,0,1,54,101,10092,23602,1351,863,414,322,4985,2469
2023-02-26 00:00,38,59,4,4,0,3,56,88,10048,23525,1349,858,414,321,4931,2368
2023-02-25 00:00,74,71,0,3,0,1,51,104,10010,23466,1345,854,414,318,4875,2280
2023-02-24 00:00,85,87,2,3,0,0,68,95,9936,23395,1345,851,414,317,4824,2176
2023-02-23 00:00,33,76,2,7,0,0,49,68,9851,23308,1343,848,414,317,4756,2081
2023-02-22 00:00,57,62,3,8,0,0,48,79,9818,23232,1341,841,414,317,4707,2013
2023-02-21 00:00,42,81,0,2,0,0,63,70,9761,23170,1338,833,414,317,4659,1934
2023-02-20 00:00,42,57,1,5,0,1,44,100,9719,23089,1338,831,414,317,4596,1864
2023-02-19 00:00,43,74,3,4,0,1,66,96,9677,23032,1337,826,414,316,4552,1764
2023-02-18 00:00,46,76,2,5,0,1,50,59,9634,22958,1334,822,414,315,4486,1668
2023-02-17 00:00,47,81,6,6,0,0,70,79,9588,22882,1332,817,414,314,4436,1609
2023-02-16 00:00,65,94,3,3,1,1,75,81,9541,22801,1326,811,414,314,4366,1530
2023-02-15 00:00,72,78,4,11,2,2,91,77,9476,22707,1323,808,413,313,4291,1449
2023-02-14 00:00,45,61,10,6,0,2,56,50,9404,22629,1319,797,411,311,4200,1372
2023-02-13 00:00,42,58,2,7,2,1,53,55,9359,22568,1309,791,411,309,4144,1322
2023-02-12 00:00,71,63,0,2,0,0,58,27,9317,22510,1307,784,409,308,4091,1267
2023-02-11 00:00,46,70,4,4,0,0,47,33,9246,22447,1307,782,409,308,4033,1240
2023-02-10 00:00,49,92,5,2,0,2,69,36,9200,22377,1303,778,409,308,3986,1207
2023-02-09 00:00,34,75,3,6,0,0,51,30,9151,22285,1298,776,409,306,3917,1171
2023-02-08 00:00,52,85,7,8,0,1,71,32,9117,22210,1295,770,409,306,3866,1141
2023-02-07 00:00,60,90,2,2,0,0,71,16,9065,22125,1288,762,409,305,3795,1109
2023-02-06 00:00,48,85,3,3,0,0,75,30,9005,22035,1286,760,409,305,3724,1093
2023-02-05 00:00,44,94,4,5,0,0,53,42,8957,21950,1283,757,409,305,3649,1063
2023-02-04 00:00,48,69,0,2,0,0,59,42,8913,21856,1279,752,409,305,3596,1021
2023-02-03 00:00,39,81,2,3,0,0,64,27,8865,21787,1279,750,409,305,3537,979
2023-02-02 00:00,40,63,2,8,0,0,58,24,8826,21706,1277,747,409,305,3473,952
2023-02-01 00:00,41,68,3,6,0,1,61,13,8786,21643,1275,739,409,305,3415,928
2023-01-31 00:00,23,68,2,2,0,3,59,19,8745,21575,1272,733,409,304,3354,915
2023-01-30 00:00,36,69,1,4,1,3,58,26,8722,21507,1270,731,409,301,3295,896
2023-01-29 00:00,31,81,4,5,0,0,59,29,8686,21438,1269,727,408,298,3237,870
2023-01-28 00:00,36,78,1,3,0,2,56,35,8655,21357,1265,722,408,298,3178,841
2023-01-27 00:00,45,56,1,4,1,0,51,34,8619,21279,1264,719,408,296,3122,806
2023-01-26 00:00,34,62,0,6,2,1,65,28,8574,21223,1263,715,407,296,3071,772
2023-01-25 00:00,40,74,1,2,0,0,65,35,8540,21161,1263,709,405,295,3006,744
2023-01-24 00:00,42,78,5,7,0,1,72,31,8500,21087,1262,707,405,295,2941,709
2023-01-23 00:00,39,61,3,5,0,1,66,24,8458,21009,1257,700,405,294,2869,678
2023-01-22 00:00,50,76,5,2,0,0,59,29,8419,20948,1254,695,405,293,2803,654
2023-01-21 00:00,57,65,1,3,1,0,56,21,8369,20872,1249,693,405,293,2744,625
2023-01-20 00:00,61,75,4,11,0,0,64,27,8312,20807,1248,690,404,293,2688,604
2023-01-19 00:00,95,89,11,11,0,0,71,29,8251,20732,1244,679,404,293,2624,577
2023-01-18 00:00,88,106,5,8,1,1,56,26,8156,20643,1233,668,404,293,2553,548
2023-01-17 00:00,43,82,4,9,0,0,49,31,8068,20537,1228,660,403,292,2497,522
2023-01-16 00:00,58,64,3,5,1,1,61,19,8025,20455,1224,651,403,292,2448,491
2023-01-15 00:00,50,77,2,3,2,0,43,16,7967,20391,1221,646,402,291,2387,472
2023-01-14 00:00,40,70,5,8,0,0,56,23,7917,20314,1219,643,400,291,2344,456
2023-01-13 00:00,43,67,6,4,2,0,67,12,7877,20244,1214,635,400,291,2288,433
2023-01-12 00:00,85,83,5,3,1,0,81,24,7834,20177,1208,631,398,291,2221,421
2023-01-11 00:00,57,89,8,4,0,1,61,20,7749,20094,1203,628,397,291,2140,397
2023-01-10 00:00,55,63,2,5,1,1,57,18,7692,20005,1195,624,397,290,2079,377
2023-01-09 00:00,63,90,2,4,1,3,54,25,7637,19942,1193,619,396,289,2022,359
2023-01-08 00:00,66,72,5,5,1,0,49,23,7574,19852,1191,615,395,286,1968,334
2023-01-07 00:00,62,80,3,3,1,0,51,23,7508,19780,1186,610,394,286,1919,311
2023-01-06 00:00,84,73,2,6,0,0,55,18,7446,19700,1183,607,393,286,1868,288
2023-01-05 00:00,73,60,5,7,2,0,40,12,7362,19627,1181,601,393,286,1813,270
2023-01-04 00:00,73,74,2,10,0,1,59,15,7289,19567,1176,594,391,286,1773,258
2023-01-03 00:00,70,62,2,8,0,1,36,16,7216,19493,1174,584,391,285,1714,243
2023-01-02 00:00,44,62,0,4,1,1,39,11,7146,19431,1172,576,391,284,1678,227
2023-01-01 00:00,37,55,3,3,0,1,29,14,7102,19369,1172,572,390,283,1639,216
2022-12-31 00:00,42,47,1,5,0,1,26,13,7065,19314,1169,569,390,282,1610,202
2022-12-30 00:00,48,55,2,3,0,1,38,16,7023,19267,1168,564,390,281,1584,189
2022-12-29 00:00,57,52,4,6,0,1,51,7,6975,19212,1166,561,390,280,1546,173
2022-12-28 00:00,46,67,5,6,1,2,37,11,6918,19160,1162,555,390,279,1495,166
2022-12-27 00:00,44,56,0,6,0,1,32,8,6872,19093,1157,549,389,277,1458,155
2022-12-26 00:00,36,43,2,4,0,0,22,6,6828,19037,1157,543,389,276,1426,147
2022-12-25 00:00,28,52,5,2,0,0,24,4,6792,18994,1155,539,389,276,1404,141
2022-12-24 00:00,37,54,1,2,0,1,30,8,6764,18942,1150,537,389,276,1380,137
2022-12-23 00:00,46,66,3,2,0,1,26,6,6727,18888,1149,535,389,275,1350,129
2022-12-22 00:00,55,61,2,6,0,0,29,10,6681,18822,1146,533,389,274,1324,123
2022-12-21 00:00,54,53,1,3,0,1,34,8,6626,18761,1144,527,389,274,1295,113
2022-12-20 00:00,49,53,4,7,1,1,24,9,6572,18708,1143,524,389,273,1261,105
2022-12-19 00:00,22,50,0,4,1,0,19,6,6523,18655,1139,517,388,272,1237,96
2022-12-18 00:00,14,37,1,6,0,1,17,9,6501,18605,1139,513,387,272,1218,90
2022-12-17 00:00,20,36,2,5,0,0,29,11,6487,18568,1138,507,387,271,1201,81
2022-12-16 00:00,26,71,3,4,1,0,32,5,6467,18532,1136,502,387,271,1172,70
2022-12-15 00:00,26,55,0,5,0,1,23,12,6441,18461,1133,498,386,271,1140,65
2022-12-14 00:00,27,37,8,7,0,0,26,15,6415,18406,1133,493,386,270,1117,53
2022-12-13 00:00,37,59,0,4,2,1,25,13,6388,18369,1125,486,386,270,1091,38
2022-12-12 00:00,47,69,2,0,1,2,23,8,6351,18310,1125,482,384,269,1066,25
2022-12-11 00:00,38,46,0,4,0,2,22,12,6304,18241,1123,482,383,267,1043,17
2022-12-10 00:00,28,67,0,3,0,3,27,5,6266,18195,1123,478,383,265,1021,5
2022-12-09 00:00,26,56,3,3,1,2,24,0,6238,18128,1123,475,383,262,994,0
2022-12-08 00:00,25,54,4,2,0,1,27,0,6212,18072,1120,472,382,260,970,0
2022-12-07 00:00,24,71,1,3,0,1,25,0,6187,18018,1116,470,382,259,943,0
2022-12-06 00:00,31,64,2,2,1,1,28,0,6163,17947,1115,467,382,258,918,0
2022-12-05 00:00,20,71,0,2,0,1,21,0,6132,17883,1113,465,381,257,890,0
2022-12-04 00:00,13,57,4,1,1,1,15,0,6112,17812,1113,463,381,256,869,0
2022-12-03 00:00,14,47,3,0,0,0,17,0,6099,17755,1109,462,380,255,854,0
2022-12-02 00:00,24,65,5,0,1,2,21,0,6085,17708,1106,462,380,255,837,0
2022-12-01 00:00,26,60,2,2,0,1,19,0,6061,17643,1101,462,379,253,816,0
2022-11-30 00:00,9,67,2,3,1,2,31,0,6035,17583,1099,460,379,252,797,0
2022-11-29 00:00,13,69,4,1,1,3,23,0,6026,17516,1097,457,378,250,766,0
2022-11-28 00:00,31,58,2,4,3,3,21,0,6013,17447,1093,456,377,247,743,0
2022-11-27 00:00,22,68,3,0,1,3,23,0,5982,17389,1091,452,374,244,722,0
2022-11-26 00:00,24,56,1,1,0,2,16,0,5960,17321,1088,452,373,241,699,0
2022-11-25 00:00,18,61,5,3,0,3,21,0,5936,17265,1087,451,373,239,683,0
2022-11-24 00:00,15,48,2,2,1,1,16,0,5918,17204,1082,448,373,236,662,0
2022-11-23 00:00,22,52,2,3,0,3,18,0,5903,17156,1080,446,372,235,646,0
2022-11-22 00:00,28,54,0,0,0,1,23,0,5881,17104,1078,443,372,232,628,0
2022-11-21 00:00,21,48,3,3,2,1,22,0,5853,17050,1078,443,372,231,605,0
2022-11-20 00:00,13,39,2,4,1,1,20,0,5832,17002,1075,440,370,230,583,0
2022-11-19 00:00,10,37,0,1,0,0,17,0,5819,16963,1073,436,369,229,563,0
2022-11-18 00:00,16,40,2,2,1,2,21,0,5809,16926,1073,435,369,229,546,0
2022-11-17 00:00,21,54,3,2,0,0,19,0,5793,16886,1071,433,368,227,525,0
2022-11-16 00:00,25,53,4,2,1,1,16,0,5772,16832,1068,431,368,227,506,0
2022-11-15 00:00,68,49,6,2,0,2,14,0,5747,16779,1064,429,367,226,490,0
2022-11-14 00:00,51,46,4,2,1,1,22,0,5679,16730,1058,427,367,224,476,0
2022-11-13 00:00,29,45,3,1,2,0,16,0,5628,16684,1054,425,366,223,454,0
2022-11-12 00:00,19,52,6,1,1,2,21,0,5599,16639,1051,424,364,223,438,0
2022-11-11 00:00,39,51,6,1,1,3,20,0,5580,16587,1045,423,363,221,417,0
2022-11-10 00:00,65,62,4,5,2,1,14,0,5541,16536,1039,422,362,218,397,0
2022-11-09 00:00,25,60,3,4,8,1,24,0,5476,16474,1035,417,360,217,383,0
2022-11-08 00:00,21,68,1,6,5,1,18,0,5451,16414,1032,413,352,216,359,0
2022-11-07 00:00,8,46,0,4,1,0,15,0,5430,16346,1031,407,347,215,341,0
2022-11-06 00:00,13,56,1,0,0,2,21,0,5422,16300,1031,403,346,215,326,0
2022-11-05 00:00,13,46,1,5,0,2,13,0,5409,16244,1030,403,346,213,305,0
2022-11-04 00:00,23,43,5,4,1,3,22,0,5396,16198,1029,398,346,211,292,0
2022-11-03 00:00,20,43,2,2,1,1,17,0,5373,16155,1024,394,345,208,270,0
2022-11-02 00:00,18,40,2,0,3,1,24,0,5353,16112,1022,392,344,207,253,0
2022-11-01 00:00,26,66,3,4,3,2,17,0,5335,16072,1020,392,341,206,229,0
2022-10-31 00:00,28,66,6,4,0,0,18,0,5309,16006,1017,388,338,204,212,0
2022-10-30 00:00,39,56,4,1,2,4,13,0,5281,15940,1011,384,338,204,194,0
2022-10-29 00:00,14,70,4,4,2,2,3,0,5242,15884,1007,383,336,200,181,0
2022-10-28 00:00,20,62,3,6,2,2,12,0,5228,15814,1003,379,334,198,178,0
2022-10-27 00:00,25,64,7,5,2,3,16,0,5208,15752,1000,373,332,196,166,0
2022-10-26 00:00,23,55,1,3,1,0,14,0,5183,15688,993,368,330,193,150,0
2022-10-25 00:00,15,51,1,3,2,2,9,0,5160,15633,992,365,329,193,136,0
2022-10-24 00:00,12,54,1,4,2,0,10,0,5145,15582,991,362,327,191,127,0
2022-10-23 00:00,14,44,0,0,1,2,7,0,5133,15528,990,358,325,191,117,0
2022-10-22 00:00,15,43,2,7,1,2,10,0,5119,15484,990,358,324,189,110,0
2022-10-21 00:00,12,37,8,2,1,0,11,0,5104,15441,988,351,323,187,100,0
2022-10-20 00:00,19,47,1,2,1,0,11,0,5092,15404,980,349,322,187,89,0
2022-10-19 00:00,24,58,0,4,1,1,10,0,5073,15357,979,347,321,187,78,0
2022-10-18 00:00,16,47,5,7,0,0,10,0,5049,15299,979,343,320,186,68,0
2022-10-17 00:00,20,51,3,1,2,1,8,0,5033,15252,974,336,320,186,58,0
2022-10-16 00:00,12,42,3,5,2,1,7,0,5013,15201,971,335,318,185,50,0
2022-10-15 00:00,16,33,1,3,2,3,6,0,5001,15159,968,330,316,184,43,0
2022-10-14 00:00,20,49,4,6,1,2,11,0,4985,15126,967,327,314,181,37,0
2022-10-13 00:00,23,45,3,2,3,0,4,0,4965,15077,963,321,313,179,26,0
2022-10-12 00:00,22,47,2,2,0,1,3,0,4942,15032,960,319,310,179,22,0
2022-10-11 00:00,20,57,1,2,0,2,3,0,4920,14985,958,317,310,178,19,0
2022-10-10 00:00,19,52,0,3,2,3,3,0,4900,14928,957,315,310,176,16,0
2022-10-09 00:00,9,42,1,2,2,4,2,0,4881,14876,957,312,308,173,13,0
2022-10-08 00:00,19,39,3,0,0,4,3,0,4872,14834,956,310,306,169,11,0
2022-10-07 00:00,22,52,4,2,2,2,0,0,4853,14795,953,310,306,165,8,0
2022-10-06 00:00,17,44,3,3,2,3,4,0,4831,14743,949,308,304,163,8,0
2022-10-05 00:00,20,46,3,3,2,2,1,0,4814,14699,946,305,302,160,4,0
2022-10-04 00:00,16,46,4,6,2,3,0,0,4794,14653,943,302,300,158,3,0
2022-10-03 00:00,12,51,7,3,0,0,1,0,4778,14607,939,296,298,155,3,0
2022-10-02 00:00,28,57,5,3,0,1,0,0,4766,14556,932,293,298,155,2,0
2022-10-01 00:00,12,57,0,3,0,1,1,0,4738,14499,927,290,298,154,2,0
2022-09-30 00:00,21,43,2,5,2,1,0,0,4726,14442,927,287,298,153,1,0
2022-09-29 00:00,16,54,3,5,0,3,1,0,4705,14399,925,282,296,152,1,0
2022-09-28 00:00,25,63,5,6,0,0,0,0,4689,14345,922,277,296,149,0,0
2022-09-27 00:00,20,45,2,5,1,2,0,0,4664,14282,917,271,296,149,0,0
2022-09-26 00:00,17,41,3,2,0,1,0,0,4644,14237,915,266,295,147,0,0
2022-09-25 00:00,18,37,1,1,0,1,0,0,4627,14196,912,264,295,146,0,0
2022-09-24 00:00,19,37,2,1,0,1,0,0,4609,14159,911,263,295,145,0,0
2022-09-23 00:00,28,42,1,1,1,0,0,0,4590,14122,909,262,295,144,0,0
2022-09-22 00:00,26,48,4,2,1,1,0,0,4562,14080,908,261,294,144,0,0
2022-09-21 00:00,23,50,6,2,3,2,0,0,4536,14032,904,259,293,143,0,0
2022-09-20 00:00,20,48,2,4,2,3,0,0,4513,13982,898,257,290,141,0,0
2022-09-19 00:00,19,46,2,1,4,1,0,0,4493,13934,896,253,288,138,0,0
2022-09-18 00:00,26,38,0,1,1,1,0,0,4474,13888,894,252,284,137,0,0
2022-09-17 00:00,20,42,5,0,2,2,0,0,4448,13850,894,251,283,136,0,0
2022-09-16 00:00,19,52,1,0,4,1,0,0,4428,13808,889,251,281,134,0,0
2022-09-15 00:00,30,57,8,5,1,1,0,0,4409,13756,888,251,277,133,0,0
2022-09-14 00:00,15,52,9,0,2,2,0,0,4379,13699,880,246,276,132,0,0
2022-09-13 00:00,29,51,4,2,1,3,0,0,4364,13647,871,246,274,130,0,0
2022-09-12 00:00,23,53,1,1,0,0,0,0,4335,13596,867,244,273,127,0,0
2022-09-11 00:00,21,52,1,1,0,1,0,0,4312,13543,866,243,273,127,0,0
2022-09-10 00:00,27,66,3,1,0,0,0,0,4291,13491,865,242,273,126,0,0
2022-09-09 00:00,22,47,0,2,1,0,0,0,4264,13425,862,241,273,126,0,0
2022-09-08 00:00,23,55,7,1,1,2,0,0,4242,13378,862,239,272,126,0,0
2022-09-07 00:00,32,56,2,1,1,1,0,0,4219,13323,855,238,271,124,0,0
2022-09-06 00:00,47,58,3,2,2,2,0,0,4187,13267,853,237,270,123,0,0
2022-09-05 00:00,32,39,3,1,0,0,0,0,4140,13209,850,235,268,121,0,0
2022-09-04 00:00,16,32,3,1,1,1,0,0,4108,13170,847,234,268,121,0,0
2022-09-03 00:00,9,43,4,2,2,2,0,0,4092,13138,844,233,267,120,0,0
2022-09-02 00:00,14,52,2,0,2,0,0,0,4083,13095,840,231,265,118,0,0
2022-09-01 00:00,22,49,5,1,0,0,0,0,4069,13043,838,231,263,118,0,0
2022-08-31 00:00,23,53,8,4,0,2,0,0,4047,12994,833,230,263,118,0,0
2022-08-30 00:00,32,58,3,4,0,1,0,0,4024,12941,825,226,263,116,0,0
2022-08-29 00:00,28,69,2,0,3,0,0,0,3992,12883,822,222,263,115,0,0
2022-08-28 00:00,17,43,4,1,0,1,0,0,3964,12814,820,222,260,115,0,0
2022-08-27 00:00,21,50,4,1,1,1,0,0,3947,12771,816,221,260,114,0,0
2022-08-26 00:00,27,36,6,4,2,5,0,0,3926,12721,812,220,259,113,0,0
2022-08-25 00:00,33,61,3,2,0,1,0,0,3899,12685,806,216,257,108,0,0
2022-08-24 00:00,33,51,11,4,1,2,0,0,3866,12624,803,214,257,107,0,0
2022-08-23 00:00,34,44,2,1,0,0,0,0,3833,12573,792,210,256,105,0,0
2022-08-22 00:00,49,38,2,0,2,1,0,0,3799,12529,790,209,256,105,0,0
2022-08-21 00:00,73,46,1,4,1,3,0,0,3750,12491,788,209,254,104,0,0
2022-08-20 00:00,51,46,2,2,2,3,0,0,3677,12445,787,205,253,101,0,0
2022-08-19 00:00,44,48,5,1,0,6,0,0,3626,12399,785,203,251,98,0,0
2022-08-18 00:00,27,61,4,1,1,2,0,0,3582,12351,780,202,251,92,0,0
2022-08-17 00:00,21,55,0,4,1,4,0,0,3555,12290,776,201,250,90,0,0
2022-08-16 00:00,22,49,2,1,1,1,0,0,3534,12235,776,197,249,86,0,0
2022-08-15 00:00,27,50,7,0,2,3,0,0,3512,12186,774,196,248,85,0,0
2022-08-14 00:00,27,53,5,0,0,1,0,0,3485,12136,767,196,246,82,0,0
2022-08-13 00:00,19,49,11,0,1,3,0,0,3458,12083,762,196,246,81,0,0
2022-08-12 00:00,17,45,12,3,2,2,0,0,3439,12034,751,196,245,78,0,0
2022-08-11 00:00,14,54,3,4,1,2,0,0,3422,11989,739,193,243,76,0,0
2022-08-10 00:00,12,67,7,11,0,0,0,0,3408,11935,736,189,242,74,0,0
2022-08-09 00:00,10,61,3,4,1,1,0,0,3396,11868,729,178,242,74,0,0
2022-08-08 00:00,14,56,4,0,1,2,0,0,3386,11807,726,174,241,73,0,0
2022-08-07 00:00,14,50,1,0,1,1,0,0,3372,11751,722,174,240,71,0,0
2022-08-06 00:00,21,44,1,0,0,1,0,0,3358,11701,721,174,239,70,0,0
2022-08-05 00:00,12,62,5,2,2,1,0,0,3337,11657,720,174,239,69,0,0
2022-08-04 00:00,8,47,4,3,2,4,0,0,3325,11595,715,172,237,68,0,0
2022-08-03 00:00,13,41,4,0,1,2,0,0,3317,11548,711,169,235,64,0,0
2022-08-02 00:00,6,42,4,0,1,2,0,0,3304,11507,707,169,234,62,0,0
2022-08-01 00:00,10,50,7,1,0,2,0,0,3298,11465,703,169,233,60,0,0
2022-07-31 00:00,7,38,1,0,0,1,0,0,3288,11415,696,168,233,58,0,0
2022-07-30 00:00,8,30,10,0,1,2,0,0,3281,11377,695,168,233,57,0,0
2022-07-29 00:00,10,40,6,6,0,0,0,0,3273,11347,685,168,232,55,0,0
2022-07-28 00:00,12,45,7,2,1,0,0,0,3263,11307,679,162,232,55,0,0
2022-07-27 00:00,12,50,6,0,0,1,0,0,3251,11262,672,160,231,55,0,0
2022-07-26 00:00,7,53,4,1,1,0,0,0,3239,11212,666,160,231,54,0,0
2022-07-25 00:00,14,56,4,2,1,0,0,0,3232,11159,662,159,230,54,0,0
2022-07-24 00:00,13,37,2,3,2,0,0,0,3218,11103,658,157,229,54,0,0
2022-07-23 00:00,6,43,4,0,0,0,0,0,3205,11066,656,154,227,54,0,0
2022-07-22 00:00,14,53,7,0,0,0,0,0,3199,11023,652,154,227,54,0,0
2022-07-21 00:00,19,53,6,1,3,0,0,0,3185,10970,645,154,227,54,0,0
2022-07-20 00:00,17,48,3,1,0,0,0,0,3166,10917,639,153,224,54,0,0
2022-07-19 00:00,19,57,5,4,0,0,0,0,3149,10869,636,152,224,54,0,0
2022-07-18 00:00,17,48,1,0,1,0,0,0,3130,10812,631,148,224,54,0,0
2022-07-17 00:00,16,42,10,1,4,0,0,0,3113,10764,630,148,223,54,0,0
2022-07-16 00:00,16,51,6,0,1,0,0,0,3097,10722,620,147,219,54,0,0
2022-07-15 00:00,10,44,5,6,1,0,0,0,3081,10671,614,147,218,54,0,0
2022-07-14 00:00,22,52,9,4,1,2,0,0,3071,10627,609,141,217,54,0,0
2022-07-13 00:00,21,59,2,3,1,0,0,0,3049,10575,600,137,216,52,0,0
2022-07-12 00:00,18,50,6,0,1,0,0,0,3028,10516,598,134,215,52,0,0
2022-07-11 00:00,10,47,5,1,0,0,0,0,3010,10466,592,134,214,52,0,0
2022-07-10 00:00,24,53,2,0,0,0,0,0,3000,10419,587,133,214,52,0,0
2022-07-09 00:00,22,51,3,0,0,0,0,0,2976,10366,585,133,214,52,0,0
2022-07-08 00:00,14,44,8,0,0,2,0,0,2954,10315,582,133,214,52,0,0
2022-07-07 00:00,20,40,1,1,0,1,0,0,2940,10271,574,133,214,50,0,0
2022-07-06 00:00,9,54,4,0,1,1,0,0,2920,10231,573,132,214,49,0,0
2022-07-05 00:00,11,35,2,0,0,1,0,0,2911,10177,569,132,213,48,0,0
2022-07-04 00:00,11,39,9,1,0,1,0,0,2900,10142,567,132,213,47,0,0
2022-07-03 00:00,7,41,3,0,0,1,0,0,2889,10103,558,131,213,46,0,0
2022-07-02 00:00,6,50,5,1,1,1,0,0,2882,10062,555,131,213,45,0,0
2022-07-01 00:00,12,45,4,0,1,1,0,0,2876,10012,550,130,212,44,0,0
2022-06-30 00:00,15,54,5,0,0,1,0,0,2864,9967,546,130,211,43,0,0
2022-06-29 00:00,13,43,4,0,0,1,0,0,2849,9913,541,130,211,42,0,0
2022-06-28 00:00,11,42,9,0,2,2,0,0,2836,9870,537,130,211,41,0,0
2022-06-27 00:00,11,46,2,0,0,1,0,0,2825,9828,528,130,209,39,0,0
2022-06-26 00:00,14,42,6,2,1,1,0,0,2814,9782,526,130,209,38,0,0
2022-06-25 00:00,6,27,4,1,0,0,0,0,2800,9740,520,128,208,37,0,0
2022-06-24 00:00,11,54,3,1,1,1,0,0,2794,9713,516,127,208,37,0,0
2022-06-23 00:00,7,42,3,0,0,0,0,0,2783,9659,513,126,207,36,0,0
2022-06-22 00:00,24,55,7,0,0,0,0,0,2776,9617,510,126,207,36,0,0
2022-06-21 00:00,11,44,5,0,1,0,0,0,2752,9562,503,126,207,36,0,0
2022-06-20 00:00,19,30,7,0,1,0,0,0,2741,9518,498,126,206,36,0,0
2022-06-19 00:00,19,42,4,0,4,0,0,0,2722,9488,491,126,205,36,0,0
2022-06-18 00:00,15,39,2,1,6,0,0,0,2703,9446,487,126,201,36,0,0
2022-06-17 00:00,16,42,4,0,0,0,0,0,2688,9407,485,125,195,36,0,0
2022-06-16 00:00,16,47,6,0,2,0,0,0,2672,9365,481,125,195,36,0,0
2022-06-15 00:00,21,35,2,0,6,1,0,0,2656,9318,475,125,193,36,0,0
2022-06-14 00:00,56,42,5,1,5,1,0,0,2635,9283,473,125,187,35,0,0
2022-06-13 00:00,90,64,7,1,12,0,0,0,2579,9241,468,124,182,34,0,0
2022-06-12 00:00,27,41,0,1,6,1,0,0,2489,9177,461,123,170,34,0,0
2022-06-11 00:00,28,47,5,0,9,2,0,0,2462,9136,461,122,164,33,0,0
2022-06-10 00:00,17,51,3,0,2,1,0,0,2434,9089,456,122,155,31,0,0
2022-06-09 00:00,16,44,5,1,2,1,0,0,2417,9038,453,122,153,30,0,0
2022-06-08 00:00,18,59,3,0,1,0,0,0,2401,8994,448,121,151,29,0,0
2022-06-07 00:00,12,48,3,0,5,1,0,0,2383,8935,445,121,150,29,0,0
2022-06-06 00:00,15,59,4,0,1,2,0,0,2371,8887,442,121,145,28,0,0
2022-06-05 00:00,18,47,4,0,0,2,0,0,2356,8828,438,121,144,26,0,0
2022-06-04 00:00,20,47,4,0,1,0,0,0,2338,8781,434,121,144,24,0,0
2022-06-03 00:00,15,51,4,2,1,1,0,0,2318,8734,430,121,143,24,0,0
2022-06-02 00:00,25,69,2,0,5,1,0,0,2303,8683,426,119,142,23,0,0
2022-06-01 00:00,24,67,1,0,1,1,0,0,2278,8614,424,119,137,22,0,0
2022-05-31 00:00,25,48,2,0,0,1,0,0,2254,8547,423,119,136,21,0,0
2022-05-30 00:00,25,39,1,0,0,0,0,0,2229,8499,421,119,136,20,0,0
2022-05-29 00:00,34,53,0,0,0,0,0,0,2204,8460,420,119,136,20,0,0
2022-05-28 00:00,17,44,2,0,1,0,0,0,2170,8407,420,119,136,20,0,0
2022-05-27 00:00,28,51,2,0,5,2,0,0,2153,8363,418,119,135,20,0,0
2022-05-26 00:00,26,58,2,0,3,0,0,0,2125,8312,416,119,130,18,0,0
2022-05-25 00:00,30,51,1,0,1,0,0,0,2099,8254,414,119,127,18,0,0
2022-05-24 00:00,27,53,4,1,1,0,0,0,2069,8203,413,119,126,18,0,0
2022-05-23 00:00,24,46,3,0,1,0,0,0,2042,8150,409,118,125,18,0,0
2022-05-22 00:00,21,50,2,1,0,1,0,0,2018,8104,406,118,124,18,0,0
2022-05-21 00:00,26,48,6,2,0,2,0,0,1997,8054,404,117,124,17,0,0
2022-05-20 00:00,21,56,5,0,3,2,0,0,1971,8006,398,115,124,15,0,0
2022-05-19 00:00,25,61,7,0,0,0,0,0,1950,7950,393,115,121,13,0,0
2022-05-18 00:00,33,49,5,0,3,1,0,0,1925,7889,386,115,121,13,0,0
2022-05-17 00:00,18,56,2,0,0,1,0,0,1892,7840,381,115,118,12,0,0
2022-05-16 00:00,27,49,2,1,1,0,0,0,1874,7784,379,115,118,11,0,0
2022-05-15 00:00,24,51,5,1,0,0,0,0,1847,7735,377,114,117,11,0,0
2022-05-14 00:00,44,55,4,0,2,0,0,0,1823,7684,372,113,117,11,0,0
2022-05-13 00:00,80,58,8,1,2,0,0,0,1779,7629,368,113,115,11,0,0
2022-05-12 00:00,45,45,2,1,17,2,0,0,1699,7571,360,112,113,11,0,0
2022-05-11 00:00,67,51,5,2,4,0,0,0,1654,7526,358,111,96,9,0,0
2022-05-10 00:00,113,75,9,0,7,0,0,0,1587,7475,353,109,92,9,0,0
2022-05-09 00:00,107,69,6,0,15,0,0,0,1474,7400,344,109,85,9,0,0
2022-05-08 00:00,41,53,9,0,4,1,0,0,1367,7331,338,109,70,9,0,0
2022-05-07 00:00,55,48,8,0,2,3,0,0,1326,7278,329,109,66,8,0,0
2022-05-06 00:00,76,74,13,0,2,2,0,0,1271,7230,321,109,64,5,0,0
2022-05-05 00:00,83,100,8,0,1,2,0,0,1195,7156,308,109,62,3,0,0
2022-05-04 00:00,83,70,8,0,2,1,0,0,1112,7056,300,109,61,1,0,0
2022-05-03 00:00,82,109,9,2,3,0,0,0,1029,6986,292,109,59,0,0,0
2022-05-02 00:00,97,79,10,2,1,0,0,0,947,6877,283,107,56,0,0,0
2022-05-01 00:00,127,126,13,0,2,0,0,0,850,6798,273,105,55,0,0,0
2022-04-30 00:00,104,86,8,1,3,0,0,0,723,6672,260,105,53,0,0,0
2022-04-29 00:00,71,89,10,3,7,0,0,0,619,6586,252,104,50,0,0,0
2022-04-28 00:00,52,88,10,1,18,0,0,0,548,6497,242,101,43,0,0,0
2022-04-27 00:00,43,75,18,0,24,0,0,0,496,6409,232,100,25,0,0,0
2022-04-26 00:00,54,71,16,3,1,0,0,0,453,6334,214,100,1,0,0,0
2022-04-25 00:00,113,47,2,2,0,0,0,0,399,6263,198,97,0,0,0,0
2022-04-24 00:00,80,46,4,1,0,0,0,0,286,6216,196,95,0,0,0,0
2022-04-23 00:00,20,56,7,2,0,0,0,0,206,6170,192,94,0,0,0,0
2022-04-22 00:00,15,55,9,2,0,0,0,0,186,6114,185,92,0,0,0,0
2022-04-21 00:00,22,50,5,0,0,0,0,0,171,6059,176,90,0,0,0,0
2022-04-20 00:00,20,54,6,1,0,0,0,0,149,6009,171,90,0,0,0,0
2022-04-19 00:00,8,48,3,1,0,0,0,0,129,5955,165,89,0,0,0,0
2022-04-18 00:00,11,40,3,0,0,0,0,0,121,5907,162,88,0,0,0,0
2022-04-17 00:00,5,41,2,0,0,0,0,0,110,5867,159,88,0,0,0,0
2022-04-16 00:00,3,58,8,0,0,0,0,0,105,5826,157,88,0,0,0,0
2022-04-15 00:00,9,45,6,1,0,0,0,0,102,5768,149,88,0,0,0,0
2022-04-14 00:00,2,36,2,1,0,0,0,0,93,5723,143,87,0,0,0,0
2022-04-13 00:00,7,39,3,0,0,0,0,0,91,5687,141,86,0,0,0,0
2022-04-12 00:00,6,42,0,0,0,0,0,0,84,5648,138,86,0,0,0,0
2022-04-11 00:00,10,29,11,0,0,0,0,0,78,5606,138,86,0,0,0,0
2022-04-10 00:00,2,42,7,0,0,0,0,0,68,5577,127,86,0,0,0,0
2022-04-09 00:00,4,37,4,0,0,0,0,0,66,5535,120,86,0,0,0,0
2022-04-08 00:00,2,41,2,0,0,0,0,0,62,5498,116,86,0,0,0,0
2022-04-07 00:00,4,28,5,0,0,0,0,0,60,5457,114,86,0,0,0,0
2022-04-06 00:00,6,32,3,2,0,0,0,0,56,5429,109,86,0,0,0,0
2022-04-05 00:00,9,43,2,0,0,0,0,0,50,5397,106,84,0,0,0,0
2022-04-04 00:00,2,36,3,2,0,0,0,0,41,5354,104,84,0,0,0,0
2022-04-03 00:00,2,43,1,2,0,0,0,0,39,5318,101,82,0,0,0,0
2022-04-02 00:00,4,31,0,5,0,0,0,0,37,5275,100,80,0,0,0,0
2022-04-01 00:00,2,38,3,4,0,0,0,0,33,5244,100,75,0,0,0,0
2022-03-31 00:00,2,35,1,1,0,0,0,0,31,5206,97,71,0,0,0,0
2022-03-30 00:00,1,42,1,1,0,0,0,0,29,5171,96,70,0,0,0,0
2022-03-29 00:00,4,43,3,1,0,0,0,0,28,5129,95,69,0,0,0,0
2022-03-28 00:00,2,43,2,2,0,0,0,0,24,5086,92,68,0,0,0,0
2022-03-27 00:00,3,39,1,1,0,0,0,0,22,5043,90,66,0,0,0,0
2022-03-26 00:00,3,40,2,2,0,0,0,0,19,5004,89,65,0,0,0,0
2022-03-25 00:00,4,40,2,2,0,0,0,0,16,4964,87,63,0,0,0,0
2022-03-24 00:00,4,28,3,0,0,0,0,0,12,4924,85,61,0,0,0,0
2022-03-23 00:00,5,43,8,2,0,0,0,0,8,4896,82,61,0,0,0,0
2022-03-22 00:00,1,40,4,5,0,0,0,0,3,4853,74,59,0,0,0,0
2022-03-21 00:00,2,32,3,5,0,0,0,0,2,4813,70,54,0,0,0,0
2022-03-20 00:00,0,0,1,0,0,0,0,0,0,4781,67,49,0,0,0,0
2022-03-20 00:00,0,31,0,0,0,0,0,0,0,4781,66,49,0,0,0,0
2022-03-19 00:00,0,38,0,0,0,0,0,0,0,4750,66,49,0,0,0,0
2022-03-19 00:00,0,0,1,0,0,0,0,0,0,4712,66,49,0,0,0,0
2022-03-18 00:00,0,0,2,0,0,0,0,0,0,4712,65,47,0,0,0,0
2022-03-18 00:00,0,0,0,2,0,0,0,0,0,4712,65,49,0,0,0,0
2022-03-18 00:00,0,45,0,0,0,0,0,0,0,4712,63,47,0,0,0,0
2022-03-17 00:00,0,0,0,2,0,0,0,0,0,4616,58,47,0,0,0,0
2022-03-17 00:00,0,51,0,0,0,0,0,0,0,4667,63,47,0,0,0,0
2022-03-17 00:00,0,0,5,0,0,0,0,0,0,4616,63,47,0,0,0,0
2022-03-16 00:00,0,28,0,0,0,0,0,0,0,4616,58,45,0,0,0,0
2022-03-15 00:00,0,28,0,0,0,0,0,0,0,4588,58,45,0,0,0,0
2022-03-15 00:00,0,0,0,2,0,0,0,0,0,4560,58,45,0,0,0,0
2022-03-14 00:00,0,24,0,0,0,0,0,0,0,4560,58,43,0,0,0,0
2022-03-14 00:00,0,0,0,1,0,0,0,0,0,4536,58,43,0,0,0,0
2022-03-13 00:00,0,26,0,0,0,0,0,0,0,4536,58,42,0,0,0,0
2022-03-13 00:00,0,0,0,1,0,0,0,0,0,4510,58,42,0,0,0,0
2022-03-12 00:00,0,0,1,0,0,0,0,0,0,4471,58,41,0,0,0,0
2022-03-12 00:00,0,39,0,0,0,0,0,0,0,4510,58,41,0,0,0,0
2022-03-12 00:00,0,0,0,1,0,0,0,0,0,4471,57,41,0,0,0,0
2022-03-11 00:00,0,28,0,0,0,0,0,0,0,4471,56,40,0,0,0,0
2022-03-11 00:00,0,0,1,0,0,0,0,0,0,4471,57,40,0,0,0,0
2022-03-10 00:00,0,0,0,1,0,0,0,0,0,4421,55,40,0,0,0,0
2022-03-10 00:00,0,22,0,0,0,0,0,0,0,4443,56,40,0,0,0,0
2022-03-10 00:00,0,0,1,0,0,0,0,0,0,4421,56,40,0,0,0,0
2022-03-09 00:00,0,28,0,0,0,0,0,0,0,4421,55,39,0,0,0,0
2022-03-09 00:00,0,0,2,0,0,0,0,0,0,4393,55,39,0,0,0,0
2022-03-08 00:00,0,0,3,0,0,0,0,0,0,4372,53,39,0,0,0,0
2022-03-08 00:00,0,21,0,0,0,0,0,0,0,4393,53,39,0,0,0,0
2022-03-07 00:00,0,0,1,0,0,0,0,0,0,4372,50,39,0,0,0,0
2022-03-07 00:00,0,36,0,0,0,0,0,0,0,4372,49,39,0,0,0,0
2022-03-06 00:00,0,0,1,0,0,0,0,0,0,4336,49,39,0,0,0,0
2022-03-06 00:00,0,16,0,0,0,0,0,0,0,4336,48,39,0,0,0,0
2022-03-05 00:00,0,25,0,0,0,0,0,0,0,4320,46,39,0,0,0,0
2022-03-05 00:00,0,0,2,0,0,0,0,0,0,4320,48,39,0,0,0,0
2022-03-04 00:00,0,25,0,0,0,0,0,0,0,4295,46,39,0,0,0,0
2022-03-03 00:00,0,0,2,0,0,0,0,0,0,4270,46,39,0,0,0,0
2022-03-03 00:00,0,31,0,0,0,0,0,0,0,4270,44,39,0,0,0,0
2022-03-02 00:00,0,33,0,0,0,0,0,0,0,4239,42,39,0,0,0,0
2022-03-02 00:00,0,0,2,0,0,0,0,0,0,4239,44,39,0,0,0,0
2022-03-02 00:00,0,0,0,1,0,0,0,0,0,4206,42,39,0,0,0,0
2022-03-01 00:00,0,0,0,1,0,0,0,0,0,4206,42,38,0,0,0,0
2022-03-01 00:00,0,29,0,0,0,0,0,0,0,4206,42,37,0,0,0,0
2022-02-28 00:00,0,0,1,0,0,0,0,0,0,4147,42,35,0,0,0,0
2022-02-28 00:00,0,30,0,0,0,0,0,0,0,4177,42,37,0,0,0,0
2022-02-28 00:00,0,0,0,2,0,0,0,0,0,4147,42,37,0,0,0,0
2022-02-27 00:00,0,21,0,0,0,0,0,0,0,4147,41,35,0,0,0,0
2022-02-26 00:00,0,0,3,0,0,0,0,0,0,4126,41,35,0,0,0,0
2022-02-26 00:00,0,24,0,0,0,0,0,0,0,4126,38,35,0,0,0,0
2022-02-25 00:00,0,0,1,0,0,0,0,0,0,4079,38,35,0,0,0,0
2022-02-25 00:00,0,23,0,0,0,0,0,0,0,4102,38,35,0,0,0,0
2022-02-24 00:00,0,28,0,0,0,0,0,0,0,4079,37,35,0,0,0,0
2022-02-23 00:00,0,24,0,0,0,0,0,0,0,4051,37,35,0,0,0,0
2022-02-23 00:00,0,0,1,0,0,0,0,0,0,4027,37,35,0,0,0,0
2022-02-22 00:00,0,37,0,0,0,0,0,0,0,4027,36,35,0,0,0,0
2022-02-22 00:00,0,0,3,0,0,0,0,0,0,3990,36,35,0,0,0,0
2022-02-21 00:00,0,0,2,0,0,0,0,0,0,3968,33,35,0,0,0,0
2022-02-21 00:00,0,22,0,0,0,0,0,0,0,3990,33,35,0,0,0,0
2022-02-20 00:00,0,24,0,0,0,0,0,0,0,3968,31,35,0,0,0,0
2022-02-19 00:00,0,22,0,0,0,0,0,0,0,3944,31,35,0,0,0,0
2022-02-18 00:00,0,28,0,0,0,0,0,0,0,3922,31,35,0,0,0,0
2022-02-17 00:00,0,28,0,0,0,0,0,0,0,3894,31,34,0,0,0,0
2022-02-17 00:00,0,0,0,1,0,0,0,0,0,3894,31,35,0,0,0,0
2022-02-16 00:00,0,0,2,0,0,0,0,0,0,3842,31,34,0,0,0,0
2022-02-16 00:00,0,24,0,0,0,0,0,0,0,3866,31,34,0,0,0,0
2022-02-15 00:00,0,24,0,0,0,0,0,0,0,3842,29,34,0,0,0,0
2022-02-14 00:00,0,0,2,0,0,0,0,0,0,3791,29,34,0,0,0,0
2022-02-14 00:00,0,27,0,0,0,0,0,0,0,3818,29,34,0,0,0,0
2022-02-13 00:00,0,25,0,0,0,0,0,0,0,3791,27,34,0,0,0,0
2022-02-12 00:00,0,0,1,0,0,0,0,0,0,3766,27,34,0,0,0,0
2022-02-12 00:00,0,18,0,0,0,0,0,0,0,3766,26,34,0,0,0,0
2022-02-11 00:00,0,29,0,0,0,0,0,0,0,3748,24,34,0,0,0,0
2022-02-11 00:00,0,0,2,0,0,0,0,0,0,3748,26,34,0,0,0,0
2022-02-10 00:00,0,31,0,0,0,0,0,0,0,3719,24,34,0,0,0,0
2022-02-09 00:00,0,0,0,1,0,0,0,0,0,3688,21,34,0,0,0,0
2022-02-09 00:00,0,0,3,0,0,0,0,0,0,3688,24,34,0,0,0,0
2022-02-09 00:00,0,26,0,0,0,0,0,0,0,3688,21,33,0,0,0,0
2022-02-08 00:00,0,0,2,0,0,0,0,0,0,3662,21,33,0,0,0,0
2022-02-08 00:00,0,19,0,0,0,0,0,0,0,3662,19,33,0,0,0,0
2022-02-07 00:00,0,22,0,0,0,0,0,0,0,3643,19,32,0,0,0,0
2022-02-07 00:00,0,0,0,1,0,0,0,0,0,3643,19,33,0,0,0,0
2022-02-06 00:00,0,22,0,0,0,0,0,0,0,3621,19,32,0,0,0,0
2022-02-05 00:00,0,27,0,0,0,0,0,0,0,3599,19,32,0,0,0,0
2022-02-05 00:00,0,0,2,0,0,0,0,0,0,3572,19,32,0,0,0,0
2022-02-04 00:00,0,0,0,1,0,0,0,0,0,3546,17,32,0,0,0,0
2022-02-04 00:00,0,26,0,0,0,0,0,0,0,3572,17,32,0,0,0,0
2022-02-03 00:00,0,37,0,0,0,0,0,0,0,3546,17,31,0,0,0,0
2022-02-02 00:00,0,27,0,0,0,0,0,0,0,3509,17,31,0,0,0,0
2022-02-01 00:00,0,35,0,0,0,0,0,0,0,3482,17,31,0,0,0,0
2022-01-31 00:00,0,36,0,0,0,0,0,0,0,3447,17,31,0,0,0,0
2022-01-31 00:00,0,0,0,2,0,0,0,0,0,3411,17,31,0,0,0,0
2022-01-30 00:00,0,0,0,1,0,0,0,0,0,3387,16,29,0,0,0,0
2022-01-30 00:00,0,0,1,0,0,0,0,0,0,3411,17,29,0,0,0,0
2022-01-30 00:00,0,24,0,0,0,0,0,0,0,3411,16,29,0,0,0,0
2022-01-29 00:00,0,0,3,0,0,0,0,0,0,3387,16,28,0,0,0,0
2022-01-29 00:00,0,35,0,0,0,0,0,0,0,3387,13,28,0,0,0,0
2022-01-28 00:00,0,33,0,0,0,0,0,0,0,3352,13,28,0,0,0,0
2022-01-28 00:00,0,0,0,1,0,0,0,0,0,3319,13,28,0,0,0,0
2022-01-27 00:00,0,0,0,2,0,0,0,0,0,3319,13,27,0,0,0,0
2022-01-27 00:00,0,34,0,0,0,0,0,0,0,3319,13,25,0,0,0,0
2022-01-26 00:00,0,0,1,0,0,0,0,0,0,3285,13,25,0,0,0,0
2022-01-26 00:00,0,28,0,0,0,0,0,0,0,3285,12,25,0,0,0,0
2022-01-25 00:00,0,0,1,0,0,0,0,0,0,3233,12,25,0,0,0,0
2022-01-25 00:00,0,24,0,0,0,0,0,0,0,3257,12,25,0,0,0,0
2022-01-25 00:00,0,0,0,1,0,0,0,0,0,3233,11,25,0,0,0,0
2022-01-24 00:00,0,0,1,0,0,0,0,0,0,3233,11,24,0,0,0,0
2022-01-24 00:00,0,25,0,0,0,0,0,0,0,3233,10,24,0,0,0,0
2022-01-23 00:00,0,21,0,0,0,0,0,0,0,3208,10,24,0,0,0,0
2022-01-23 00:00,0,0,1,0,0,0,0,0,0,3187,10,24,0,0,0,0
2022-01-22 00:00,0,23,0,0,0,0,0,0,0,3187,9,24,0,0,0,0
2022-01-22 00:00,0,0,0,2,0,0,0,0,0,3164,9,24,0,0,0,0
2022-01-21 00:00,0,0,1,0,0,0,0,0,0,3164,9,22,0,0,0,0
2022-01-21 00:00,0,16,0,0,0,0,0,0,0,3164,8,22,0,0,0,0
2022-01-20 00:00,0,0,0,1,0,0,0,0,0,3122,8,22,0,0,0,0
2022-01-20 00:00,0,26,0,0,0,0,0,0,0,3148,8,22,0,0,0,0
2022-01-20 00:00,0,0,3,0,0,0,0,0,0,3122,8,21,0,0,0,0
2022-01-19 00:00,0,24,0,0,0,0,0,0,0,3122,5,21,0,0,0,0
2022-01-18 00:00,0,17,0,0,0,0,0,0,0,3098,5,21,0,0,0,0
2022-01-17 00:00,0,23,0,0,0,0,0,0,0,3081,4,21,0,0,0,0
2022-01-17 00:00,0,0,1,0,0,0,0,0,0,3081,5,21,0,0,0,0
2022-01-16 00:00,0,20,0,0,0,0,0,0,0,3058,4,21,0,0,0,0
2022-01-15 00:00,0,0,0,1,0,0,0,0,0,3013,4,21,0,0,0,0
2022-01-15 00:00,0,25,0,0,0,0,0,0,0,3038,4,21,0,0,0,0
2022-01-14 00:00,0,22,0,0,0,0,0,0,0,3013,4,20,0,0,0,0
2022-01-13 00:00,0,18,0,0,0,0,0,0,0,2991,4,20,0,0,0,0
2022-01-12 00:00,0,17,0,0,0,0,0,0,0,2973,4,20,0,0,0,0
2022-01-12 00:00,0,0,0,1,0,0,0,0,0,2956,4,20,0,0,0,0
2022-01-11 00:00,0,25,0,0,0,0,0,0,0,2956,4,19,0,0,0,0
2022-01-10 00:00,0,19,0,0,0,0,0,0,0,2931,4,19,0,0,0,0
2022-01-09 00:00,0,19,0,0,0,0,0,0,0,2912,4,19,0,0,0,0
2022-01-08 00:00,0,15,0,0,0,0,0,0,0,2893,4,19,0,0,0,0
2022-01-08 00:00,0,0,1,0,0,0,0,0,0,2878,4,19,0,0,0,0
2022-01-07 00:00,0,22,0,0,0,0,0,0,0,2878,3,19,0,0,0,0
2022-01-06 00:00,0,23,0,0,0,0,0,0,0,2856,3,19,0,0,0,0
2022-01-05 00:00,0,24,0,0,0,0,0,0,0,2833,3,19,0,0,0,0
2022-01-04 00:00,0,22,0,0,0,0,0,0,0,2809,3,19,0,0,0,0
2022-01-03 00:00,0,24,0,0,0,0,0,0,0,2787,3,19,0,0,0,0
2022-01-03 00:00,0,0,2,0,0,0,0,0,0,2763,3,19,0,0,0,0
2022-01-02 00:00,0,23,0,0,0,0,0,0,0,2763,0,19,0,0,0,0
2022-01-02 00:00,0,0,1,0,0,0,0,0,0,2763,1,19,0,0,0,0
2022-01-01 00:00,0,14,0,0,0,0,0,0,0,2740,0,19,0,0,0,0
2021-12-31 00:00,0,22,0,0,0,0,0,0,0,2726,0,19,0,0,0,0
2021-12-30 00:00,0,14,0,0,0,0,0,0,0,2704,0,19,0,0,0,0
2021-12-29 00:00,0,17,0,0,0,0,0,0,0,2690,0,19,0,0,0,0
2021-12-28 00:00,0,23,0,0,0,0,0,0,0,2673,0,19,0,0,0,0
2021-12-27 00:00,0,22,0,0,0,0,0,0,0,2650,0,19,0,0,0,0
2021-12-26 00:00,0,20,0,0,0,0,0,0,0,2628,0,19,0,0,0,0
2021-12-25 00:00,0,13,0,0,0,0,0,0,0,2608,0,19,0,0,0,0
2021-12-24 00:00,0,17,0,0,0,0,0,0,0,2595,0,19,0,0,0,0
2021-12-23 00:00,0,17,0,0,0,0,0,0,0,2578,0,19,0,0,0,0
2021-12-22 00:00,0,14,0,0,0,0,0,0,0,2561,0,19,0,0,0,0
2021-12-21 00:00,0,20,0,0,0,0,0,0,0,2547,0,19,0,0,0,0
2021-12-20 00:00,0,0,0,1,0,0,0,0,0,2511,0,19,0,0,0,0
2021-12-20 00:00,0,16,0,0,0,0,0,0,0,2527,0,19,0,0,0,0
2021-12-19 00:00,0,47,0,0,0,0,0,0,0,2511,0,18,0,0,0,0
2021-12-18 00:00,0,15,0,0,0,0,0,0,0,2464,0,18,0,0,0,0
2021-12-17 00:00,0,17,0,0,0,0,0,0,0,2449,0,18,0,0,0,0
2021-12-17 00:00,0,0,0,1,0,0,0,0,0,2432,0,18,0,0,0,0
2021-12-16 00:00,0,10,0,0,0,0,0,0,0,2432,0,17,0,0,0,0
2021-12-15 00:00,0,23,0,0,0,0,0,0,0,2422,0,17,0,0,0,0
2021-12-14 00:00,0,21,0,0,0,0,0,0,0,2399,0,17,0,0,0,0
2021-12-13 00:00,0,15,0,0,0,0,0,0,0,2378,0,17,0,0,0,0
2021-12-12 00:00,0,13,0,0,0,0,0,0,0,2363,0,17,0,0,0,0
2021-12-11 00:00,0,0,0,1,0,0,0,0,0,2350,0,17,0,0,0,0
2021-12-11 00:00,0,12,0,0,0,0,0,0,0,2350,0,16,0,0,0,0
2021-12-10 00:00,0,0,0,2,0,0,0,0,0,2338,0,16,0,0,0,0
2021-12-10 00:00,0,17,0,0,0,0,0,0,0,2338,0,14,0,0,0,0
2021-12-09 00:00,0,17,0,0,0,0,0,0,0,2321,0,14,0,0,0,0
2021-12-08 00:00,0,11,0,0,0,0,0,0,0,2304,0,14,0,0,0,0
2021-12-07 00:00,0,13,0,0,0,0,0,0,0,2293,0,14,0,0,0,0
2021-12-06 00:00,0,12,0,0,0,0,0,0,0,2280,0,14,0,0,0,0
2021-12-05 00:00,0,15,0,0,0,0,0,0,0,2268,0,14,0,0,0,0
2021-12-04 00:00,0,11,0,0,0,0,0,0,0,2253,0,14,0,0,0,0
2021-12-03 00:00,0,15,0,0,0,0,0,0,0,2242,0,14,0,0,0,0
2021-12-02 00:00,0,15,0,0,0,0,0,0,0,2227,0,14,0,0,0,0
2021-12-01 00:00,0,0,0,2,0,0,0,0,0,2212,0,14,0,0,0,0
2021-12-01 00:00,0,26,0,0,0,0,0,0,0,2212,0,12,0,0,0,0
2021-11-30 00:00,0,19,0,0,0,0,0,0,0,2186,0,12,0,0,0,0
2021-11-30 00:00,0,0,0,1,0,0,0,0,0,2167,0,12,0,0,0,0
2021-11-29 00:00,0,0,0,1,0,0,0,0,0,2167,0,11,0,0,0,0
2021-11-29 00:00,0,22,0,0,0,0,0,0,0,2167,0,10,0,0,0,0
2021-11-28 00:00,0,10,0,0,0,0,0,0,0,2145,0,10,0,0,0,0
2021-11-27 00:00,0,16,0,0,0,0,0,0,0,2135,0,10,0,0,0,0
2021-11-26 00:00,0,7,0,0,0,0,0,0,0,2119,0,10,0,0,0,0
2021-11-26 00:00,0,0,0,1,0,0,0,0,0,2112,0,10,0,0,0,0
2021-11-25 00:00,0,21,0,0,0,0,0,0,0,2112,0,9,0,0,0,0
2021-11-24 00:00,0,15,0,0,0,0,0,0,0,2091,0,9,0,0,0,0
2021-11-23 00:00,0,17,0,0,0,0,0,0,0,2076,0,9,0,0,0,0
2021-11-22 00:00,0,15,0,0,0,0,0,0,0,2059,0,9,0,0,0,0
2021-11-21 00:00,0,11,0,0,0,0,0,0,0,2044,0,9,0,0,0,0
2021-11-20 00:00,0,10,0,0,0,0,0,0,0,2033,0,9,0,0,0,0
2021-11-19 00:00,0,24,0,0,0,0,0,0,0,2023,0,9,0,0,0,0
2021-11-18 00:00,0,24,0,0,0,0,0,0,0,1999,0,9,0,0,0,0
2021-11-17 00:00,0,15,0,0,0,0,0,0,0,1975,0,9,0,0,0,0
2021-11-16 00:00,0,21,0,0,0,0,0,0,0,1960,0,9,0,0,0,0
2021-11-15 00:00,0,17,0,0,0,0,0,0,0,1939,0,9,0,0,0,0
2021-11-14 00:00,0,19,0,0,0,0,0,0,0,1922,0,9,0,0,0,0
2021-11-13 00:00,0,16,0,0,0,0,0,0,0,1903,0,9,0,0,0,0
2021-11-12 00:00,0,17,0,0,0,0,0,0,0,1887,0,9,0,0,0,0
2021-11-11 00:00,0,14,0,0,0,0,0,0,0,1870,0,9,0,0,0,0
2021-11-10 00:00,0,7,0,0,0,0,0,0,0,1856,0,9,0,0,0,0
2021-11-09 00:00,0,8,0,0,0,0,0,0,0,1849,0,9,0,0,0,0
2021-11-08 00:00,0,16,0,0,0,0,0,0,0,1841,0,9,0,0,0,0
2021-11-07 00:00,0,13,0,0,0,0,0,0,0,1825,0,9,0,0,0,0
2021-11-06 00:00,0,11,0,0,0,0,0,0,0,1812,0,9,0,0,0,0
2021-11-05 00:00,0,16,0,0,0,0,0,0,0,1801,0,9,0,0,0,0
2021-11-04 00:00,0,12,0,0,0,0,0,0,0,1785,0,9,0,0,0,0
2021-11-03 00:00,0,12,0,0,0,0,0,0,0,1773,0,9,0,0,0,0
2021-11-02 00:00,0,9,0,0,0,0,0,0,0,1761,0,9,0,0,0,0
2021-11-01 00:00,0,13,0,0,0,0,0,0,0,1752,0,9,0,0,0,0
2021-10-31 00:00,0,8,0,0,0,0,0,0,0,1739,0,9,0,0,0,0
2021-10-30 00:00,0,7,0,0,0,0,0,0,0,1731,0,9,0,0,0,0
2021-10-29 00:00,0,18,0,0,0,0,0,0,0,1724,0,9,0,0,0,0
2021-10-28 00:00,0,12,0,0,0,0,0,0,0,1706,0,9,0,0,0,0
2021-10-27 00:00,0,12,0,0,0,0,0,0,0,1694,0,9,0,0,0,0
2021-10-26 00:00,0,12,0,0,0,0,0,0,0,1682,0,9,0,0,0,0
2021-10-25 00:00,0,8,0,0,0,0,0,0,0,1670,0,9,0,0,0,0
2021-10-25 00:00,0,0,0,1,0,0,0,0,0,1662,0,9,0,0,0,0
2021-10-24 00:00,0,22,0,0,0,0,0,0,0,1662,0,8,0,0,0,0
2021-10-23 00:00,0,10,0,0,0,0,0,0,0,1640,0,8,0,0,0,0
2021-10-22 00:00,0,12,0,0,0,0,0,0,0,1630,0,8,0,0,0,0
2021-10-21 00:00,0,18,0,0,0,0,0,0,0,1618,0,8,0,0,0,0
2021-10-20 00:00,0,13,0,0,0,0,0,0,0,1600,0,8,0,0,0,0
2021-10-19 00:00,0,15,0,0,0,0,0,0,0,1587,0,8,0,0,0,0
2021-10-18 00:00,0,10,0,0,0,0,0,0,0,1572,0,8,0,0,0,0
2021-10-18 00:00,0,0,0,1,0,0,0,0,0,1562,0,8,0,0,0,0
2021-10-17 00:00,0,17,0,0,0,0,0,0,0,1562,0,7,0,0,0,0
2021-10-16 00:00,0,8,0,0,0,0,0,0,0,1545,0,7,0,0,0,0
2021-10-15 00:00,0,15,0,0,0,0,0,0,0,1537,0,7,0,0,0,0
2021-10-14 00:00,0,12,0,0,0,0,0,0,0,1522,0,7,0,0,0,0
2021-10-13 00:00,0,0,0,1,0,0,0,0,0,1510,0,7,0,0,0,0
2021-10-13 00:00,0,15,0,0,0,0,0,0,0,1510,0,6,0,0,0,0
2021-10-12 00:00,0,14,0,0,0,0,0,0,0,1495,0,6,0,0,0,0
2021-10-11 00:00,0,18,0,0,0,0,0,0,0,1481,0,6,0,0,0,0
2021-10-10 00:00,0,13,0,0,0,0,0,0,0,1463,0,6,0,0,0,0
2021-10-09 00:00,0,10,0,0,0,0,0,0,0,1450,0,6,0,0,0,0
2021-10-08 00:00,0,10,0,0,0,0,0,0,0,1440,0,6,0,0,0,0
2021-10-07 00:00,0,11,0,0,0,0,0,0,0,1430,0,6,0,0,0,0
2021-10-06 00:00,0,3,0,0,0,0,0,0,0,1419,0,6,0,0,0,0
2021-10-05 00:00,0,8,0,0,0,0,0,0,0,1416,0,6,0,0,0,0
2021-10-04 00:00,0,6,0,0,0,0,0,0,0,1408,0,6,0,0,0,0
2021-10-03 00:00,0,10,0,0,0,0,0,0,0,1402,0,6,0,0,0,0
2021-10-02 00:00,0,8,0,0,0,0,0,0,0,1392,0,6,0,0,0,0
2021-10-01 00:00,0,10,0,0,0,0,0,0,0,1384,0,6,0,0,0,0
2021-09-30 00:00,0,13,0,0,0,0,0,0,0,1374,0,6,0,0,0,0
2021-09-29 00:00,0,7,0,0,0,0,0,0,0,1361,0,6,0,0,0,0
2021-09-28 00:00,0,13,0,0,0,0,0,0,0,1354,0,6,0,0,0,0
2021-09-27 00:00,0,14,0,0,0,0,0,0,0,1341,0,6,0,0,0,0
2021-09-26 00:00,0,9,0,0,0,0,0,0,0,1327,0,6,0,0,0,0
2021-09-25 00:00,0,11,0,0,0,0,0,0,0,1318,0,6,0,0,0,0
2021-09-24 00:00,0,7,0,0,0,0,0,0,0,1307,0,6,0,0,0,0
2021-09-23 00:00,0,1,0,0,0,0,0,0,0,1300,0,6,0,0,0,0
2021-09-22 00:00,0,9,0,0,0,0,0,0,0,1299,0,6,0,0,0,0
2021-09-21 00:00,0,0,0,1,0,0,0,0,0,1290,0,6,0,0,0,0
2021-09-21 00:00,0,10,0,0,0,0,0,0,0,1290,0,5,0,0,0,0
2021-09-20 00:00,0,9,0,0,0,0,0,0,0,1280,0,5,0,0,0,0
2021-09-19 00:00,0,6,0,0,0,0,0,0,0,1271,0,5,0,0,0,0
2021-09-18 00:00,0,6,0,0,0,0,0,0,0,1265,0,5,0,0,0,0
2021-09-17 00:00,0,9,0,0,0,0,0,0,0,1259,0,5,0,0,0,0
2021-09-16 00:00,0,8,0,0,0,0,0,0,0,1250,0,5,0,0,0,0
2021-09-15 00:00,0,9,0,0,0,0,0,0,0,1242,0,5,0,0,0,0
2021-09-14 00:00,0,12,0,0,0,0,0,0,0,1233,0,5,0,0,0,0
2021-09-13 00:00,0,5,0,0,0,0,0,0,0,1221,0,5,0,0,0,0
2021-09-12 00:00,0,6,0,0,0,0,0,0,0,1216,0,5,0,0,0,0
2021-09-11 00:00,0,8,0,0,0,0,0,0,0,1210,0,5,0,0,0,0
2021-09-10 00:00,0,2,0,0,0,0,0,0,0,1202,0,5,0,0,0,0
2021-09-09 00:00,0,7,0,0,0,0,0,0,0,1200,0,5,0,0,0,0
2021-09-09 00:00,0,0,0,1,0,0,0,0,0,1193,0,5,0,0,0,0
2021-09-08 00:00,0,0,0,1,0,0,0,0,0,1186,0,4,0,0,0,0
2021-09-08 00:00,0,7,0,0,0,0,0,0,0,1193,0,4,0,0,0,0
2021-09-07 00:00,0,8,0,0,0,0,0,0,0,1186,0,3,0,0,0,0
2021-09-06 00:00,0,5,0,0,0,0,0,0,0,1178,0,3,0,0,0,0
2021-09-05 00:00,0,6,0,0,0,0,0,0,0,1173,0,3,0,0,0,0
2021-09-04 00:00,0,4,0,0,0,0,0,0,0,1167,0,3,0,0,0,0
2021-09-03 00:00,0,10,0,0,0,0,0,0,0,1163,0,3,0,0,0,0
2021-09-02 00:00,0,18,0,0,0,0,0,0,0,1153,0,3,0,0,0,0
2021-09-02 00:00,0,0,0,1,0,0,0,0,0,1135,0,3,0,0,0,0
2021-09-01 00:00,0,5,0,0,0,0,0,0,0,1135,0,2,0,0,0,0
2021-09-01 00:00,0,0,0,1,0,0,0,0,0,1130,0,2,0,0,0,0
2021-08-31 00:00,0,0,0,1,0,0,0,0,0,1130,0,1,0,0,0,0
2021-08-31 00:00,0,8,0,0,0,0,0,0,0,1130,0,0,0,0,0,0
2021-08-30 00:00,0,12,0,0,0,0,0,0,0,1122,0,0,0,0,0,0
2021-08-29 00:00,0,8,0,0,0,0,0,0,0,1110,0,0,0,0,0,0
2021-08-28 00:00,0,10,0,0,0,0,0,0,0,1102,0,0,0,0,0,0
2021-08-27 00:00,0,12,0,0,0,0,0,0,0,1092,0,0,0,0,0,0
2021-08-26 00:00,0,4,0,0,0,0,0,0,0,1080,0,0,0,0,0,0
2021-08-25 00:00,0,6,0,0,0,0,0,0,0,1076,0,0,0,0,0,0
2021-08-24 00:00,0,10,0,0,0,0,0,0,0,1070,0,0,0,0,0,0
2021-08-23 00:00,0,9,0,0,0,0,0,0,0,1060,0,0,0,0,0,0
2021-08-22 00:00,0,12,0,0,0,0,0,0,0,1051,0,0,0,0,0,0
2021-08-21 00:00,0,13,0,0,0,0,0,0,0,1039,0,0,0,0,0,0
2021-08-20 00:00,0,7,0,0,0,0,0,0,0,1026,0,0,0,0,0,0
2021-08-19 00:00,0,5,0,0,0,0,0,0,0,1019,0,0,0,0,0,0
2021-08-18 00:00,0,8,0,0,0,0,0,0,0,1014,0,0,0,0,0,0
2021-08-17 00:00,0,7,0,0,0,0,0,0,0,1006,0,0,0,0,0,0
2021-08-16 00:00,0,7,0,0,0,0,0,0,0,999,0,0,0,0,0,0
2021-08-15 00:00,0,10,0,0,0,0,0,0,0,992,0,0,0,0,0,0
2021-08-14 00:00,0,11,0,0,0,0,0,0,0,982,0,0,0,0,0,0
2021-08-13 00:00,0,6,0,0,0,0,0,0,0,971,0,0,0,0,0,0
2021-08-12 00:00,0,8,0,0,0,0,0,0,0,965,0,0,0,0,0,0
2021-08-11 00:00,0,5,0,0,0,0,0,0,0,957,0,0,0,0,0,0
2021-08-10 00:00,0,9,0,0,0,0,0,0,0,952,0,0,0,0,0,0
2021-08-09 00:00,0,8,0,0,0,0,0,0,0,943,0,0,0,0,0,0
2021-08-08 00:00,0,11,0,0,0,0,0,0,0,935,0,0,0,0,0,0
2021-08-07 00:00,0,7,0,0,0,0,0,0,0,924,0,0,0,0,0,0
2021-08-06 00:00,0,12,0,0,0,0,0,0,0,917,0,0,0,0,0,0
2021-08-05 00:00,0,8,0,0,0,0,0,0,0,905,0,0,0,0,0,0
2021-08-04 00:00,0,12,0,0,0,0,0,0,0,897,0,0,0,0,0,0
2021-08-03 00:00,0,6,0,0,0,0,0,0,0,885,0,0,0,0,0,0
2021-08-02 00:00,0,11,0,0,0,0,0,0,0,879,0,0,0,0,0,0
2021-08-01 00:00,0,10,0,0,0,0,0,0,0,868,0,0,0,0,0,0
2021-07-31 00:00,0,9,0,0,0,0,0,0,0,858,0,0,0,0,0,0
2021-07-30 00:00,0,3,0,0,0,0,0,0,0,849,0,0,0,0,0,0
2021-07-29 00:00,0,7,0,0,0,0,0,0,0,846,0,0,0,0,0,0
2021-07-28 00:00,0,14,0,0,0,0,0,0,0,839,0,0,0,0,0,0
2021-07-27 00:00,0,6,0,0,0,0,0,0,0,825,0,0,0,0,0,0
2021-07-26 00:00,0,10,0,0,0,0,0,0,0,819,0,0,0,0,0,0
2021-07-25 00:00,0,8,0,0,0,0,0,0,0,809,0,0,0,0,0,0
2021-07-24 00:00,0,6,0,0,0,0,0,0,0,801,0,0,0,0,0,0
2021-07-23 00:00,0,9,0,0,0,0,0,0,0,795,0,0,0,0,0,0
2021-07-22 00:00,0,12,0,0,0,0,0,0,0,786,0,0,0,0,0,0
2021-07-21 00:00,0,8,0,0,0,0,0,0,0,774,0,0,0,0,0,0
2021-07-20 00:00,0,3,0,0,0,0,0,0,0,766,0,0,0,0,0,0
2021-07-19 00:00,0,7,0,0,0,0,0,0,0,763,0,0,0,0,0,0
2021-07-18 00:00,0,3,0,0,0,0,0,0,0,756,0,0,0,0,0,0
2021-07-17 00:00,0,6,0,0,0,0,0,0,0,753,0,0,0,0,0,0
2021-07-16 00:00,0,6,0,0,0,0,0,0,0,747,0,0,0,0,0,0
2021-07-15 00:00,0,2,0,0,0,0,0,0,0,741,0,0,0,0,0,0
2021-07-14 00:00,0,2,0,0,0,0,0,0,0,739,0,0,0,0,0,0
2021-07-13 00:00,0,4,0,0,0,0,0,0,0,737,0,0,0,0,0,0
2021-07-12 00:00,0,6,0,0,0,0,0,0,0,733,0,0,0,0,0,0
2021-07-11 00:00,0,2,0,0,0,0,0,0,0,727,0,0,0,0,0,0
2021-07-10 00:00,0,6,0,0,0,0,0,0,0,725,0,0,0,0,0,0
2021-07-09 00:00,0,6,0,0,0,0,0,0,0,719,0,0,0,0,0,0
2021-07-08 00:00,0,5,0,0,0,0,0,0,0,713,0,0,0,0,0,0
2021-07-07 00:00,0,5,0,0,0,0,0,0,0,708,0,0,0,0,0,0
2021-07-06 00:00,0,4,0,0,0,0,0,0,0,703,0,0,0,0,0,0
2021-07-05 00:00,0,4,0,0,0,0,0,0,0,699,0,0,0,0,0,0
2021-07-04 00:00,0,2,0,0,0,0,0,0,0,695,0,0,0,0,0,0
2021-07-03 00:00,0,2,0,0,0,0,0,0,0,693,0,0,0,0,0,0
2021-07-02 00:00,0,5,0,0,0,0,0,0,0,691,0,0,0,0,0,0
2021-07-01 00:00,0,1,0,0,0,0,0,0,0,686,0,0,0,0,0,0
2021-06-30 00:00,0,6,0,0,0,0,0,0,0,685,0,0,0,0,0,0
2021-06-29 00:00,0,2,0,0,0,0,0,0,0,679,0,0,0,0,0,0
2021-06-28 00:00,0,5,0,0,0,0,0,0,0,677,0,0,0,0,0,0
2021-06-27 00:00,0,4,0,0,0,0,0,0,0,672,0,0,0,0,0,0
2021-06-26 00:00,0,2,0,0,0,0,0,0,0,668,0,0,0,0,0,0
2021-06-25 00:00,0,4,0,0,0,0,0,0,0,666,0,0,0,0,0,0
2021-06-24 00:00,0,2,0,0,0,0,0,0,0,662,0,0,0,0,0,0
2021-06-23 00:00,0,4,0,0,0,0,0,0,0,660,0,0,0,0,0,0
2021-06-22 00:00,0,8,0,0,0,0,0,0,0,656,0,0,0,0,0,0
2021-06-21 00:00,0,6,0,0,0,0,0,0,0,648,0,0,0,0,0,0
2021-06-20 00:00,0,4,0,0,0,0,0,0,0,642,0,0,0,0,0,0
2021-06-19 00:00,0,3,0,0,0,0,0,0,0,638,0,0,0,0,0,0
2021-06-18 00:00,0,3,0,0,0,0,0,0,0,635,0,0,0,0,0,0
2021-06-17 00:00,0,5,0,0,0,0,0,0,0,632,0,0,0,0,0,0
2021-06-16 00:00,0,2,0,0,0,0,0,0,0,627,0,0,0,0,0,0
2021-06-15 00:00,0,4,0,0,0,0,0,0,0,625,0,0,0,0,0,0
2021-06-13 00:00,0,1,0,0,0,0,0,0,0,621,0,0,0,0,0,0
2021-06-12 00:00,0,1,0,0,0,0,0,0,0,620,0,0,0,0,0,0
2021-06-11 00:00,0,3,0,0,0,0,0,0,0,619,0,0,0,0,0,0
2021-06-10 00:00,0,4,0,0,0,0,0,0,0,616,0,0,0,0,0,0
2021-06-09 00:00,0,2,0,0,0,0,0,0,0,612,0,0,0,0,0,0
2021-06-08 00:00,0,2,0,0,0,0,0,0,0,610,0,0,0,0,0,0
2021-06-07 00:00,0,1,0,0,0,0,0,0,0,608,0,0,0,0,0,0
2021-06-06 00:00,0,2,0,0,0,0,0,0,0,607,0,0,0,0,0,0
2021-06-05 00:00,0,2,0,0,0,0,0,0,0,605,0,0,0,0,0,0
2021-06-04 00:00,0,1,0,0,0,0,0,0,0,603,0,0,0,0,0,0
2021-06-03 00:00,0,2,0,0,0,0,0,0,0,602,0,0,0,0,0,0
2021-06-02 00:00,0,3,0,0,0,0,0,0,0,600,0,0,0,0,0,0
2021-06-01 00:00,0,2,0,0,0,0,0,0,0,597,0,0,0,0,0,0
2021-05-31 00:00,0,3,0,0,0,0,0,0,0,595,0,0,0,0,0,0
2021-05-30 00:00,0,3,0,0,0,0,0,0,0,592,0,0,0,0,0,0
2021-05-29 00:00,0,1,0,0,0,0,0,0,0,589,0,0,0,0,0,0
2021-05-28 00:00,0,3,0,0,0,0,0,0,0,588,0,0,0,0,0,0
2021-05-27 00:00,0,1,0,0,0,0,0,0,0,585,0,0,0,0,0,0
2021-05-26 00:00,0,1,0,0,0,0,0,0,0,584,0,0,0,0,0,0
2021-05-25 00:00,0,3,0,0,0,0,0,0,0,583,0,0,0,0,0,0
2021-05-24 00:00,0,5,0,0,0,0,0,0,0,580,0,0,0,0,0,0
2021-05-23 00:00,0,1,0,0,0,0,0,0,0,575,0,0,0,0,0,0
2021-05-22 00:00,0,1,0,0,0,0,0,0,0,574,0,0,0,0,0,0
2021-05-21 00:00,0,2,0,0,0,0,0,0,0,573,0,0,0,0,0,0
2021-05-20 00:00,0,1,0,0,0,0,0,0,0,571,0,0,0,0,0,0
2021-05-19 00:00,0,4,0,0,0,0,0,0,0,570,0,0,0,0,0,0
2021-05-18 00:00,0,2,0,0,0,0,0,0,0,566,0,0,0,0,0,0
2021-05-17 00:00,0,3,0,0,0,0,0,0,0,564,0,0,0,0,0,0
2021-05-16 00:00,0,1,0,0,0,0,0,0,0,561,0,0,0,0,0,0
2021-05-15 00:00,0,1,0,0,0,0,0,0,0,560,0,0,0,0,0,0
2021-05-14 00:00,0,3,0,0,0,0,0,0,0,559,0,0,0,0,0,0
2021-05-13 00:00,0,2,0,0,0,0,0,0,0,556,0,0,0,0,0,0
2021-05-11 00:00,0,1,0,0,0,0,0,0,0,554,0,0,0,0,0,0
2021-05-07 00:00,0,1,0,0,0,0,0,0,0,553,0,0,0,0,0,0
2021-05-06 00:00,0,2,0,0,0,0,0,0,0,552,0,0,0,0,0,0
2021-05-05 00:00,0,2,0,0,0,0,0,0,0,550,0,0,0,0,0,0
2021-05-04 00:00,0,3,0,0,0,0,0,0,0,548,0,0,0,0,0,0
2021-05-03 00:00,0,8,0,0,0,0,0,0,0,545,0,0,0,0,0,0
2021-05-02 00:00,0,3,0,0,0,0,0,0,0,537,0,0,0,0,0,0
2021-05-01 00:00,0,3,0,0,0,0,0,0,0,534,0,0,0,0,0,0
2021-04-30 00:00,0,3,0,0,0,0,0,0,0,531,0,0,0,0,0,0
2021-04-29 00:00,0,3,0,0,0,0,0,0,0,528,0,0,0,0,0,0
2021-04-28 00:00,0,3,0,0,0,0,0,0,0,525,0,0,0,0,0,0
2021-04-26 00:00,0,1,0,0,0,0,0,0,0,522,0,0,0,0,0,0
2021-04-25 00:00,0,5,0,0,0,0,0,0,0,521,0,0,0,0,0,0
2021-04-24 00:00,0,2,0,0,0,0,0,0,0,516,0,0,0,0,0,0
2021-04-23 00:00,0,3,0,0,0,0,0,0,0,514,0,0,0,0,0,0
2021-04-21 00:00,0,2,0,0,0,0,0,0,0,511,0,0,0,0,0,0
2021-04-19 00:00,0,1,0,0,0,0,0,0,0,509,0,0,0,0,0,0
2021-04-18 00:00,0,4,0,0,0,0,0,0,0,508,0,0,0,0,0,0
2021-04-17 00:00,0,2,0,0,0,0,0,0,0,504,0,0,0,0,0,0
2021-04-16 00:00,0,2,0,0,0,0,0,0,0,502,0,0,0,0,0,0
2021-04-15 00:00,0,4,0,0,0,0,0,0,0,500,0,0,0,0,0,0
2021-04-14 00:00,0,1,0,0,0,0,0,0,0,496,0,0,0,0,0,0
2021-04-13 00:00,0,1,0,0,0,0,0,0,0,495,0,0,0,0,0,0
2021-04-12 00:00,0,2,0,0,0,0,0,0,0,494,0,0,0,0,0,0
2021-04-09 00:00,0,1,0,0,0,0,0,0,0,492,0,0,0,0,0,0
2021-04-08 00:00,0,2,0,0,0,0,0,0,0,491,0,0,0,0,0,0
2021-04-06 00:00,0,1,0,0,0,0,0,0,0,489,0,0,0,0,0,0
2021-04-05 00:00,0,2,0,0,0,0,0,0,0,488,0,0,0,0,0,0
2021-04-04 00:00,0,3,0,0,0,0,0,0,0,486,0,0,0,0,0,0
2021-04-03 00:00,0,3,0,0,0,0,0,0,0,483,0,0,0,0,0,0
2021-04-02 00:00,0,5,0,0,0,0,0,0,0,480,0,0,0,0,0,0
2021-04-01 00:00,0,1,0,0,0,0,0,0,0,475,0,0,0,0,0,0
2021-03-31 00:00,0,2,0,0,0,0,0,0,0,474,0,0,0,0,0,0
2021-03-30 00:00,0,2,0,0,0,0,0,0,0,472,0,0,0,0,0,0
2021-03-29 00:00,0,1,0,0,0,0,0,0,0,470,0,0,0,0,0,0
2021-03-28 00:00,0,1,0,0,0,0,0,0,0,469,0,0,0,0,0,0
2021-03-27 00:00,0,1,0,0,0,0,0,0,0,468,0,0,0,0,0,0
2021-03-26 00:00,0,1,0,0,0,0,0,0,0,467,0,0,0,0,0,0
2021-03-25 00:00,0,1,0,0,0,0,0,0,0,466,0,0,0,0,0,0
2021-03-24 00:00,0,1,0,0,0,0,0,0,0,465,0,0,0,0,0,0
2021-03-23 00:00,0,3,0,0,0,0,0,0,0,464,0,0,0,0,0,0
2021-03-22 00:00,0,5,0,0,0,0,0,0,0,461,0,0,0,0,0,0
2021-03-21 00:00,0,4,0,0,0,0,0,0,0,456,0,0,0,0,0,0
2021-03-20 00:00,0,4,0,0,0,0,0,0,0,452,0,0,0,0,0,0
2021-03-19 00:00,0,1,0,0,0,0,0,0,0,448,0,0,0,0,0,0
2021-03-18 00:00,0,5,0,0,0,0,0,0,0,447,0,0,0,0,0,0
2021-03-17 00:00,0,3,0,0,0,0,0,0,0,442,0,0,0,0,0,0
2021-03-16 00:00,0,3,0,0,0,0,0,0,0,439,0,0,0,0,0,0
2021-03-15 00:00,0,1,0,0,0,0,0,0,0,436,0,0,0,0,0,0
2021-03-14 00:00,0,5,0,0,0,0,0,0,0,435,0,0,0,0,0,0
2021-03-13 00:00,0,1,0,0,0,0,0,0,0,430,0,0,0,0,0,0
2021-03-12 00:00,0,1,0,0,0,0,0,0,0,429,0,0,0,0,0,0
2021-03-11 00:00,0,3,0,0,0,0,0,0,0,428,0,0,0,0,0,0
2021-03-10 00:00,0,7,0,0,0,0,0,0,0,425,0,0,0,0,0,0
2021-03-09 00:00,0,8,0,0,0,0,0,0,0,418,0,0,0,0,0,0
2021-03-08 00:00,0,3,0,0,0,0,0,0,0,410,0,0,0,0,0,0
2021-03-07 00:00,0,7,0,0,0,0,0,0,0,407,0,0,0,0,0,0
2021-03-06 00:00,0,18,0,0,0,0,0,0,0,400,0,0,0,0,0,0
2021-03-05 00:00,0,6,0,0,0,0,0,0,0,382,0,0,0,0,0,0
2021-03-04 00:00,0,19,0,0,0,0,0,0,0,376,0,0,0,0,0,0
2021-03-03 00:00,0,3,0,0,0,0,0,0,0,357,0,0,0,0,0,0
2021-03-02 00:00,0,4,0,0,0,0,0,0,0,354,0,0,0,0,0,0
2021-03-01 00:00,0,1,0,0,0,0,0,0,0,350,0,0,0,0,0,0
2021-02-28 00:00,0,2,0,0,0,0,0,0,0,349,0,0,0,0,0,0
2021-02-27 00:00,0,4,0,0,0,0,0,0,0,347,0,0,0,0,0,0
2021-02-26 00:00,0,2,0,0,0,0,0,0,0,343,0,0,0,0,0,0
2021-02-25 00:00,0,1,0,0,0,0,0,0,0,341,0,0,0,0,0,0
2021-02-21 00:00,0,2,0,0,0,0,0,0,0,340,0,0,0,0,0,0
2021-02-20 00:00,0,2,0,0,0,0,0,0,0,338,0,0,0,0,0,0
2021-02-19 00:00,0,1,0,0,0,0,0,0,0,336,0,0,0,0,0,0
2021-02-18 00:00,0,1,0,0,0,0,0,0,0,335,0,0,0,0,0,0
2021-02-17 00:00,0,1,0,0,0,0,0,0,0,334,0,0,0,0,0,0
2021-02-16 00:00,0,4,0,0,0,0,0,0,0,333,0,0,0,0,0,0
2021-02-15 00:00,0,1,0,0,0,0,0,0,0,329,0,0,0,0,0,0
2021-02-14 00:00,0,3,0,0,0,0,0,0,0,328,0,0,0,0,0,0
2021-02-13 00:00,0,1,0,0,0,0,0,0,0,325,0,0,0,0,0,0
2021-02-09 00:00,0,1,0,0,0,0,0,0,0,324,0,0,0,0,0,0
2021-02-01 00:00,0,2,0,0,0,0,0,0,0,323,0,0,0,0,0,0
2021-01-27 00:00,0,2,0,0,0,0,0,0,0,321,0,0,0,0,0,0
2021-01-25 00:00,0,1,0,0,0,0,0,0,0,319,0,0,0,0,0,0
2021-01-24 00:00,0,1,0,0,0,0,0,0,0,318,0,0,0,0,0,0
2021-01-19 00:00,0,1,0,0,0,0,0,0,0,317,0,0,0,0,0,0
2021-01-18 00:00,0,2,0,0,0,0,0,0,0,316,0,0,0,0,0,0
2021-01-17 00:00,0,1,0,0,0,0,0,0,0,314,0,0,0,0,0,0
2021-01-15 00:00,0,1,0,0,0,0,0,0,0,313,0,0,0,0,0,0
2021-01-14 00:00,0,1,0,0,0,0,0,0,0,312,0,0,0,0,0,0
2021-01-06 00:00,0,1,0,0,0,0,0,0,0,311,0,0,0,0,0,0
2021-01-02 00:00,0,1,0,0,0,0,0,0,0,310,0,0,0,0,0,0
2020-12-29 00:00,0,2,0,0,0,0,0,0,0,309,0,0,0,0,0,0
2020-12-28 00:00,0,3,0,0,0,0,0,0,0,307,0,0,0,0,0,0
2020-12-27 00:00,0,1,0,0,0,0,0,0,0,304,0,0,0,0,0,0
2020-12-26 00:00,0,2,0,0,0,0,0,0,0,303,0,0,0,0,0,0
2020-12-25 00:00,0,2,0,0,0,0,0,0,0,301,0,0,0,0,0,0
2020-12-24 00:00,0,1,0,0,0,0,0,0,0,299,0,0,0,0,0,0
2020-12-23 00:00,0,1,0,0,0,0,0,0,0,298,0,0,0,0,0,0
2020-12-22 00:00,0,2,0,0,0,0,0,0,0,297,0,0,0,0,0,0
2020-12-21 00:00,0,1,0,0,0,0,0,0,0,295,0,0,0,0,0,0
2020-12-20 00:00,0,1,0,0,0,0,0,0,0,294,0,0,0,0,0,0
2020-12-19 00:00,0,1,0,0,0,0,0,0,0,293,0,0,0,0,0,0
2020-12-18 00:00,0,1,0,0,0,0,0,0,0,292,0,0,0,0,0,0
2020-12-17 00:00,0,1,0,0,0,0,0,0,0,291,0,0,0,0,0,0
2020-12-16 00:00,0,1,0,0,0,0,0,0,0,290,0,0,0,0,0,0
2020-12-15 00:00,0,2,0,0,0,0,0,0,0,289,0,0,0,0,0,0
2020-12-12 00:00,0,1,0,0,0,0,0,0,0,287,0,0,0,0,0,0
2020-12-10 00:00,0,2,0,0,0,0,0,0,0,286,0,0,0,0,0,0
2020-12-09 00:00,0,2,0,0,0,0,0,0,0,284,0,0,0,0,0,0
2020-12-08 00:00,0,2,0,0,0,0,0,0,0,282,0,0,0,0,0,0
2020-12-06 00:00,0,1,0,0,0,0,0,0,0,280,0,0,0,0,0,0
2020-12-05 00:00,0,5,0,0,0,0,0,0,0,279,0,0,0,0,0,0
2020-12-04 00:00,0,4,0,0,0,0,0,0,0,274,0,0,0,0,0,0
2020-12-03 00:00,0,1,0,0,0,0,0,0,0,270,0,0,0,0,0,0
2020-12-02 00:00,0,2,0,0,0,0,0,0,0,269,0,0,0,0,0,0
2020-11-30 00:00,0,2,0,0,0,0,0,0,0,267,0,0,0,0,0,0
2020-11-29 00:00,0,1,0,0,0,0,0,0,0,265,0,0,0,0,0,0
2020-11-28 00:00,0,2,0,0,0,0,0,0,0,264,0,0,0,0,0,0
2020-11-27 00:00,0,1,0,0,0,0,0,0,0,262,0,0,0,0,0,0
2020-11-26 00:00,0,2,0,0,0,0,0,0,0,261,0,0,0,0,0,0
2020-11-25 00:00,0,1,0,0,0,0,0,0,0,259,0,0,0,0,0,0
2020-11-24 00:00,0,1,0,0,0,0,0,0,0,258,0,0,0,0,0,0
2020-11-23 00:00,0,2,0,0,0,0,0,0,0,257,0,0,0,0,0,0
2020-11-21 00:00,0,1,0,0,0,0,0,0,0,255,0,0,0,0,0,0
2020-11-20 00:00,0,3,0,0,0,0,0,0,0,254,0,0,0,0,0,0
2020-11-19 00:00,0,2,0,0,0,0,0,0,0,251,0,0,0,0,0,0
2020-11-18 00:00,0,2,0,0,0,0,0,0,0,249,0,0,0,0,0,0
2020-11-17 00:00,0,1,0,0,0,0,0,0,0,247,0,0,0,0,0,0
2020-11-16 00:00,0,3,0,0,0,0,0,0,0,246,0,0,0,0,0,0
2020-11-15 00:00,0,2,0,0,0,0,0,0,0,243,0,0,0,0,0,0
2020-11-14 00:00,0,1,0,0,0,0,0,0,0,241,0,0,0,0,0,0
2020-11-12 00:00,0,1,0,0,0,0,0,0,0,240,0,0,0,0,0,0
2020-11-11 00:00,0,1,0,0,0,0,0,0,0,239,0,0,0,0,0,0
2020-11-10 00:00,0,1,0,0,0,0,0,0,0,238,0,0,0,0,0,0
2020-11-09 00:00,0,2,0,0,0,0,0,0,0,237,0,0,0,0,0,0
2020-11-07 00:00,0,1,0,0,0,0,0,0,0,235,0,0,0,0,0,0
2020-11-06 00:00,0,2,0,0,0,0,0,0,0,234,0,0,0,0,0,0
2020-11-04 00:00,0,2,0,0,0,0,0,0,0,232,0,0,0,0,0,0
2020-11-03 00:00,0,4,0,0,0,0,0,0,0,230,0,0,0,0,0,0
2020-11-02 00:00,0,1,0,0,0,0,0,0,0,226,0,0,0,0,0,0
2020-11-01 00:00,0,3,0,0,0,0,0,0,0,225,0,0,0,0,0,0
2020-10-31 00:00,0,1,0,0,0,0,0,0,0,222,0,0,0,0,0,0
2020-10-30 00:00,0,1,0,0,0,0,0,0,0,221,0,0,0,0,0,0
2020-10-28 00:00,0,2,0,0,0,0,0,0,0,220,0,0,0,0,0,0
2020-10-27 00:00,0,1,0,0,0,0,0,0,0,218,0,0,0,0,0,0
2020-10-26 00:00,0,5,0,0,0,0,0,0,0,217,0,0,0,0,0,0
2020-10-25 00:00,0,2,0,0,0,0,0,0,0,212,0,0,0,0,0,0
2020-10-24 00:00,0,4,0,0,0,0,0,0,0,210,0,0,0,0,0,0
2020-10-23 00:00,0,2,0,0,0,0,0,0,0,206,0,0,0,0,0,0
2020-10-21 00:00,0,3,0,0,0,0,0,0,0,204,0,0,0,0,0,0
2020-10-20 00:00,0,5,0,0,0,0,0,0,0,201,0,0,0,0,0,0
2020-10-19 00:00,0,2,0,0,0,0,0,0,0,196,0,0,0,0,0,0
2020-10-18 00:00,0,1,0,0,0,0,0,0,0,194,0,0,0,0,0,0
2020-10-17 00:00,0,2,0,0,0,0,0,0,0,193,0,0,0,0,0,0
2020-10-15 00:00,0,1,0,0,0,0,0,0,0,191,0,0,0,0,0,0
2020-10-11 00:00,0,1,0,0,0,0,0,0,0,190,0,0,0,0,0,0
2020-10-08 00:00,0,2,0,0,0,0,0,0,0,189,0,0,0,0,0,0
2020-10-07 00:00,0,1,0,0,0,0,0,0,0,187,0,0,0,0,0,0
2020-10-06 00:00,0,2,0,0,0,0,0,0,0,186,0,0,0,0,0,0
2020-10-03 00:00,0,1,0,0,0,0,0,0,0,184,0,0,0,0,0,0
2020-09-28 00:00,0,3,0,0,0,0,0,0,0,183,0,0,0,0,0,0
2020-09-27 00:00,0,7,0,0,0,0,0,0,0,180,0,0,0,0,0,0
2020-09-25 00:00,0,1,0,0,0,0,0,0,0,173,0,0,0,0,0,0
2020-09-22 00:00,0,3,0,0,0,0,0,0,0,172,0,0,0,0,0,0
2020-09-21 00:00,0,2,0,0,0,0,0,0,0,169,0,0,0,0,0,0
2020-09-19 00:00,0,1,0,0,0,0,0,0,0,167,0,0,0,0,0,0
2020-09-14 00:00,0,2,0,0,0,0,0,0,0,166,0,0,0,0,0,0
2020-09-13 00:00,0,1,0,0,0,0,0,0,0,164,0,0,0,0,0,0
2020-09-11 00:00,0,3,0,0,0,0,0,0,0,163,0,0,0,0,0,0
2020-09-10 00:00,0,2,0,0,0,0,0,0,0,160,0,0,0,0,0,0
2020-09-07 00:00,0,1,0,0,0,0,0,0,0,158,0,0,0,0,0,0
2020-09-06 00:00,0,1,0,0,0,0,0,0,0,157,0,0,0,0,0,0
2020-09-03 00:00,0,1,0,0,0,0,0,0,0,156,0,0,0,0,0,0
2020-09-01 00:00,0,1,0,0,0,0,0,0,0,155,0,0,0,0,0,0
2020-08-31 00:00,0,1,0,0,0,0,0,0,0,154,0,0,0,0,0,0
2020-08-30 00:00,0,1,0,0,0,0,0,0,0,153,0,0,0,0,0,0
2020-08-28 00:00,0,1,0,0,0,0,0,0,0,152,0,0,0,0,0,0
2020-08-27 00:00,0,2,0,0,0,0,0,0,0,151,0,0,0,0,0,0
2020-08-26 00:00,0,2,0,0,0,0,0,0,0,149,0,0,0,0,0,0
2020-08-25 00:00,0,2,0,0,0,0,0,0,0,147,0,0,0,0,0,0
2020-08-23 00:00,0,4,0,0,0,0,0,0,0,145,0,0,0,0,0,0
2020-08-22 00:00,0,4,0,0,0,0,0,0,0,141,0,0,0,0,0,0
2020-08-21 00:00,0,2,0,0,0,0,0,0,0,137,0,0,0,0,0,0
2020-08-19 00:00,0,1,0,0,0,0,0,0,0,135,0,0,0,0,0,0
2020-08-18 00:00,0,3,0,0,0,0,0,0,0,134,0,0,0,0,0,0
2020-08-17 00:00,0,1,0,0,0,0,0,0,0,131,0,0,0,0,0,0
2020-08-16 00:00,0,2,0,0,0,0,0,0,0,130,0,0,0,0,0,0
2020-08-15 00:00,0,1,0,0,0,0,0,0,0,128,0,0,0,0,0,0
2020-08-14 00:00,0,1,0,0,0,0,0,0,0,127,0,0,0,0,0,0
2020-08-13 00:00,0,1,0,0,0,0,0,0,0,126,0,0,0,0,0,0
2020-08-10 00:00,0,1,0,0,0,0,0,0,0,125,0,0,0,0,0,0
2020-08-09 00:00,0,2,0,0,0,0,0,0,0,124,0,0,0,0,0,0
2020-08-08 00:00,0,3,0,0,0,0,0,0,0,122,0,0,0,0,0,0
2020-08-07 00:00,0,1,0,0,0,0,0,0,0,119,0,0,0,0,0,0
2020-08-06 00:00,0,2,0,0,0,0,0,0,0,118,0,0,0,0,0,0
2020-08-05 00:00,0,2,0,0,0,0,0,0,0,116,0,0,0,0,0,0
2020-08-04 00:00,0,3,0,0,0,0,0,0,0,114,0,0,0,0,0,0
2020-08-03 00:00,0,1,0,0,0,0,0,0,0,111,0,0,0,0,0,0
2020-07-31 00:00,0,1,0,0,0,0,0,0,0,110,0,0,0,0,0,0
2020-07-30 00:00,0,5,0,0,0,0,0,0,0,109,0,0,0,0,0,0
2020-07-29 00:00,0,1,0,0,0,0,0,0,0,104,0,0,0,0,0,0
2020-07-28 00:00,0,3,0,0,0,0,0,0,0,103,0,0,0,0,0,0
2020-07-27 00:00,0,3,0,0,0,0,0,0,0,100,0,0,0,0,0,0
2020-07-26 00:00,0,3,0,0,0,0,0,0,0,97,0,0,0,0,0,0
2020-07-25 00:00,0,4,0,0,0,0,0,0,0,94,0,0,0,0,0,0
2020-07-24 00:00,0,3,0,0,0,0,0,0,0,90,0,0,0,0,0,0
2020-07-23 00:00,0,4,0,0,0,0,0,0,0,87,0,0,0,0,0,0
2020-07-22 00:00,0,2,0,0,0,0,0,0,0,83,0,0,0,0,0,0
2020-07-20 00:00,0,4,0,0,0,0,0,0,0,81,0,0,0,0,0,0
2020-07-18 00:00,0,1,0,0,0,0,0,0,0,77,0,0,0,0,0,0
2020-07-17 00:00,0,1,0,0,0,0,0,0,0,76,0,0,0,0,0,0
2020-07-16 00:00,0,2,0,0,0,0,0,0,0,75,0,0,0,0,0,0
2020-07-15 00:00,0,2,0,0,0,0,0,0,0,73,0,0,0,0,0,0
2020-07-14 00:00,0,3,0,0,0,0,0,0,0,71,0,0,0,0,0,0
2020-07-13 00:00,0,3,0,0,0,0,0,0,0,68,0,0,0,0,0,0
2020-07-09 00:00,0,8,0,0,0,0,0,0,0,65,0,0,0,0,0,0
2020-07-07 00:00,0,5,0,0,0,0,0,0,0,57,0,0,0,0,0,0
2020-07-05 00:00,0,4,0,0,0,0,0,0,0,52,0,0,0,0,0,0
2020-07-04 00:00,0,1,0,0,0,0,0,0,0,48,0,0,0,0,0,0
2020-07-03 00:00,0,4,0,0,0,0,0,0,0,47,0,0,0,0,0,0
2020-07-02 00:00,0,2,0,0,0,0,0,0,0,43,0,0,0,0,0,0
2020-07-01 00:00,0,2,0,0,0,0,0,0,0,41,0,0,0,0,0,0
2020-06-30 00:00,0,1,0,0,0,0,0,0,0,39,0,0,0,0,0,0
2020-06-29 00:00,0,3,0,0,0,0,0,0,0,38,0,0,0,0,0,0
2020-06-28 00:00,0,2,0,0,0,0,0,0,0,35,0,0,0,0,0,0
2020-06-24 00:00,0,1,0,0,0,0,0,0,0,33,0,0,0,0,0,0
2020-06-23 00:00,0,5,0,0,0,0,0,0,0,32,0,0,0,0,0,0
2020-06-21 00:00,0,1,0,0,0,0,0,0,0,27,0,0,0,0,0,0
2020-06-20 00:00,0,1,0,0,0,0,0,0,0,26,0,0,0,0,0,0
2020-06-18 00:00,0,1,0,0,0,0,0,0,0,25,0,0,0,0,0,0
2020-06-17 00:00,0,1,0,0,0,0,0,0,0,24,0,0,0,0,0,0
2020-06-16 00:00,0,1,0,0,0,0,0,0,0,23,0,0,0,0,0,0
2020-06-14 00:00,0,1,0,0,0,0,0,0,0,22,0,0,0,0,0,0
2020-06-13 00:00,0,1,0,0,0,0,0,0,0,21,0,0,0,0,0,0
2020-06-11 00:00,0,2,0,0,0,0,0,0,0,20,0,0,0,0,0,0
2020-06-09 00:00,0,1,0,0,0,0,0,0,0,18,0,0,0,0,0,0
2020-06-07 00:00,0,1,0,0,0,0,0,0,0,17,0,0,0,0,0,0
2020-06-04 00:00,0,2,0,0,0,0,0,0,0,16,0,0,0,0,0,0
2020-06-03 00:00,0,1,0,0,0,0,0,0,0,14,0,0,0,0,0,0
2020-06-02 00:00,0,1,0,0,0,0,0,0,0,13,0,0,0,0,0,0
2020-06-01 00:00,0,1,0,0,0,0,0,0,0,12,0,0,0,0,0,0
2020-05-28 00:00,0,1,0,0,0,0,0,0,0,11,0,0,0,0,0,0
2020-05-27 00:00,0,1,0,0,0,0,0,0,0,10,0,0,0,0,0,0
2020-05-26 00:00,0,1,0,0,0,0,0,0,0,9,0,0,0,0,0,0
2020-05-25 00:00,0,1,0,0,0,0,0,0,0,8,0,0,0,0,0,0
2020-05-23 00:00,0,1,0,0,0,0,0,0,0,7,0,0,0,0,0,0
2020-05-19 00:00,0,2,0,0,0,0,0,0,0,6,0,0,0,0,0,0
2020-05-16 00:00,0,3,0,0,0,0,0,0,0,4,0,0,0,0,0,0
2020-05-15 00:00,0,1,0,0,0,0,0,0,0,1,0,0,0,0,0,0
2020-05-25 00:00,0,1,0,0,0,0,0,0,0,8,0,0,0,0,0,0
2020-05-23 00:00,0,1,0,0,0,0,0,0,0,7,0,0,0,0,0,0
2020-05-19 00:00,0,2,0,0,0,0,0,0,0,6,0,0,0,0,0,0
2020-05-16 00:00,0,3,0,0,0,0,0,0,0,4,0,0,0,0,0,0
2020-05-15 00:00,0,1,0,0,0,0,0,0,0,1,0,0,0,0,0,0
2020-05-25 00:00,0,1,0,0,0,0,0,0,0,8,0,0,0,0,0,0
2020-05-23 00:00,0,1,0,0,0,0,0,0,0,7,0,0,0,0,0,0
2020-05-19 00:00,0,2,0,0,0,0,0,0,0,6,0,0,0,0,0,0
2020-05-16 00:00,0,3,0,0,0,0,0,0,0,4,0,0,0,0,0,0
2020-05-15 00:00,0,1,0,0,0,0,0,0,0,1,0,0,0,0,0,0
2020-05-25 00:00,0,1,0,0,0,0,0,0,0,8,0,0,0,0,0,0
2020-05-23 00:00,0,1,0,0,0,0,0,0,0,7,0,0,0,0,0,0
2020-05-19 00:00,0,2,0,0,0,0,0,0,0,6,0,0,0,0,0,0
2020-05-16 00:00,0,3,0,0,0,0,0,0,0,4,0,0,0,0,0,0
2020-05-15 00:00,0,1,0,0,0,0,0,0,0,1,0,0,0,0,0,0
2020-05-25 00:00,0,1,0,0,0,0,0,0,0,8,0,0,0,0,0,0
2020-05-23 00:00,0,1,0,0,0,0,0,0,0,7,0,0,0,0,0,0
2020-05-19 00:00,0,2,0,0,0,0,0,0,0,6,0,0,0,0,0,0
2020-05-16 00:00,0,3,0,0,0,0,0,0,0,4,0,0,0,0,0,0
2020-05-15 00:00,0,1,0,0,0,0,0,0,0,1,0,0,0,0,0,0
2020-05-25 00:00,0,1,0,0,0,0,0,0,0,8,0,0,0,0,0,0
2020-05-23 00:00,0,1,0,0,0,0,0,0,0,7,0,0,0,0,0,0
2020-05-19 00:00,0,2,0,0,0,0,0,0,0,6,0,0,0,0,0,0
2020-05-16 00:00,0,3,0,0,0,0,0,0,0,4,0,0,0,0,0,0
2020-05-15 00:00,0,1,0,0,0,0,0,0,0,1,0,0,0,0,0,0
2020-05-25 00:00,0,1,0,0,0,0,0,0,0,8,0,0,0,0,0,0
2020-05-23 00:00,0,1,0,0,0,0,0,0,0,7,0,0,0,0,0,0
2020-05-19 00:00,0,2,0,0,0,0,0,0,0,6,0,0,0,0,0,0
2020-05-16 00:00,0,3,0,0,0,0,0,0,0,4,0,0,0,0,0,0
2020-05-15 00:00,0,1,0,0,0,0,0,0,0,1,0,0,0,0,0,0
2020-05-25 00:00,0,1,0,0,0,0,0,0,0,8,0,0,0,0,0,0
2020-05-23 00:00,0,1,0,0,0,0,0,0,0,7,0,0,0,0,0,0
2020-05-19 00:00,0,2,0,0,0,0,0,0,0,6,0,0,0,0,0,0
2020-05-16 00:00,0,3,0,0,0,0,0,0,0,4,0,0,0,0,0,0
2020-05-15 00:00,0,1,0,0,0,0,0,0,0,1,0,0,0,0,0,0
2020-05-25 00:00,0,1,0,0,0,0,0,0,0,8,0,0,0,0,0,0
2020-05-23 00:00,0,1,0,0,0,0,0,0,0,7,0,0,0,0,0,0
2020-05-19 00:00,0,2,0,0,0,0,0,0,0,6,0,0,0,0,0,0
2020-05-16 00:00,0,3,0,0,0,0,0,0,0,4,0,0,0,0,0,0
2020-05-15 00:00,0,1,0,0,0,0,0,0,0,1,0,0,0,0,0,0
2020-05-25 00:00,0,1,0,0,0,0,0,0,0,8,0,0,0,0,0,0
2020-05-23 00:00,0,1,0,0,0,0,0,0,0,7,0,0,0,0,0,0
2020-05-19 00:00,0,2,0,0,0,0,0,0,0,6,0,0,0,0,0,0
2020-05-16 00:00,0,3,0,0,0,0,0,0,0,4,0,0,0,0,0,0
2020-05-15 00:00,0,1,0,0,0,0,0,0,0,1,0,0,0,0,0,0
2020-05-25 00:00,0,1,0,0,0,0,0,0,0,8,0,0,0,0,0,0
2020-05-23 00:00,0,1,0,0,0,0,0,0,0,7,0,0,0,0,0,0
2020-05-19 00:00,0,2,0,0,0,0,0,0,0,6,0,0,0,0,0,0
2020-05-16 00:00,0,3,0,0,0,0,0,0,0,4,0,0,0,0,0,0
2020-05-15 00:00,0,1,0,0,0,0,0,0,0,1,0,0,0,0,0,0
2020-05-25 00:00,0,1,0,0,0,0,0,0,0,8,0,0,0,0,0,0
2020-05-23 00:00,0,1,0,0,0,0,0,0,0,7,0,0,0,0,0,0
2020-05-19 00:00,0,2,0,0,0,0,0,0,0,6,0,0,0,0,0,0
2020-05-16 00:00,0,3,0,0,0,0,0,0,0,4,0,0,0,0,0,0
2020-05-15 00:00,0,1,0,0,0,0,0,0,0,1,0,0,0,0,0,0
2020-05-25 00:00,0,1,0,0,0,0,0,0,0,8,0,0,0,0,0,0
2020-05-23 00:00,0,1,0,0,0,0,0,0,0,7,0,0,0,0,0,0
2020-05-19 00:00,0,2,0,0,0,0,0,0,0,6,0,0,0,0,0,0
2020-05-16 00:00,0,3,0,0,0,0,0,0,0,4,0,0,0,0,0,0
2020-05-15 00:00,0,1,0,0,0,0,0,0,0,1,0,0,0,0,0,0
2020-05-25 00:00,0,1,0,0,0,0,0,0,0,8,0,0,0,0,0,0
2020-05-23 00:00,0,1,0,0,0,0,0,0,0,7,0,0,0,0,0,0
2020-05-19 00:00,0,2,0,0,0,0,0,0,0,6,0,0,0,0,0,0
2020-05-16 00:00,0,3,0,0,0,0,0,0,0,4,0,0,0,0,0,0
2020-05-15 00:00,0,1,0,0,0,0,0,0,0,1,0,0,0,0,0,0
